"dormId","ratePlan","date","priceValue","priceCurrency","crawledAt","urlPart"
"2018323","2025904","2025-11-19","209.00","NZD","1763483524","335271/2025-11-19/1763483524.json"
"2018323","2025954","2025-11-19","198.55","NZD","1763483524","335271/2025-11-19/1763483524.json"
"2018326","2025907","2025-11-19","214.00","NZD","1763483524","335271/2025-11-19/1763483524.json"
"2018326","2025952","2025-11-19","203.30","NZD","1763483524","335271/2025-11-19/1763483524.json"
"2018325","2025906","2025-11-19","214.00","NZD","1763483524","335271/2025-11-19/1763483524.json"
"2018325","2025953","2025-11-19","203.30","NZD","1763483524","335271/2025-11-19/1763483524.json"
"2018320","2025901","2025-11-19","219.00","NZD","1763483524","335271/2025-11-19/1763483524.json"
"2018320","2025950","2025-11-19","208.05","NZD","1763483524","335271/2025-11-19/1763483524.json"
"2018322","2025903","2025-11-19","224.00","NZD","1763483524","335271/2025-11-19/1763483524.json"
"2018322","2025948","2025-11-19","212.80","NZD","1763483524","335271/2025-11-19/1763483524.json"
"2018321","2025902","2025-11-19","224.00","NZD","1763483524","335271/2025-11-19/1763483524.json"
"2018321","2025949","2025-11-19","212.80","NZD","1763483524","335271/2025-11-19/1763483524.json"
"2018318","2025899","2025-11-19","229.00","NZD","1763483524","335271/2025-11-19/1763483524.json"
"2018318","2025943","2025-11-19","217.55","NZD","1763483524","335271/2025-11-19/1763483524.json"
"2018319","2025900","2025-11-19","229.00","NZD","1763483524","335271/2025-11-19/1763483524.json"
"2018319","2025945","2025-11-19","217.55","NZD","1763483524","335271/2025-11-19/1763483524.json"
"2018323","2025904","2025-11-21","129.00","NZD","1763483524","335271/2025-11-21/1763483524.json"
"2018323","2025954","2025-11-21","122.55","NZD","1763483524","335271/2025-11-21/1763483524.json"
"2018326","2025907","2025-11-21","134.00","NZD","1763483524","335271/2025-11-21/1763483524.json"
"2018326","2025952","2025-11-21","127.30","NZD","1763483524","335271/2025-11-21/1763483524.json"
"2018325","2025906","2025-11-21","134.00","NZD","1763483524","335271/2025-11-21/1763483524.json"
"2018325","2025953","2025-11-21","127.30","NZD","1763483524","335271/2025-11-21/1763483524.json"
"2018320","2025901","2025-11-21","139.00","NZD","1763483524","335271/2025-11-21/1763483524.json"
"2018320","2025950","2025-11-21","132.05","NZD","1763483524","335271/2025-11-21/1763483524.json"
"2018322","2025903","2025-11-21","144.00","NZD","1763483524","335271/2025-11-21/1763483524.json"
"2018322","2025948","2025-11-21","136.80","NZD","1763483524","335271/2025-11-21/1763483524.json"
"2018327","2025908","2025-11-21","144.00","NZD","1763483524","335271/2025-11-21/1763483524.json"
"2018327","2025951","2025-11-21","136.80","NZD","1763483524","335271/2025-11-21/1763483524.json"
"2018321","2025902","2025-11-21","144.00","NZD","1763483524","335271/2025-11-21/1763483524.json"
"2018321","2025949","2025-11-21","136.80","NZD","1763483524","335271/2025-11-21/1763483524.json"
"2018317","2025898","2025-11-21","144.00","NZD","1763483524","335271/2025-11-21/1763483524.json"
"2018317","2025944","2025-11-21","136.80","NZD","1763483524","335271/2025-11-21/1763483524.json"
"2018319","2025900","2025-11-21","149.00","NZD","1763483524","335271/2025-11-21/1763483524.json"
"2018319","2025945","2025-11-21","141.55","NZD","1763483524","335271/2025-11-21/1763483524.json"
"2018318","2025899","2025-11-21","149.00","NZD","1763483524","335271/2025-11-21/1763483524.json"
"2018318","2025943","2025-11-21","141.55","NZD","1763483524","335271/2025-11-21/1763483524.json"
"2018323","2025904","2025-11-20","129.00","NZD","1763483524","335271/2025-11-20/1763483524.json"
"2018323","2025954","2025-11-20","122.55","NZD","1763483524","335271/2025-11-20/1763483524.json"
"2018326","2025907","2025-11-20","134.00","NZD","1763483524","335271/2025-11-20/1763483524.json"
"2018326","2025952","2025-11-20","127.30","NZD","1763483524","335271/2025-11-20/1763483524.json"
"2018325","2025906","2025-11-20","134.00","NZD","1763483524","335271/2025-11-20/1763483524.json"
"2018325","2025953","2025-11-20","127.30","NZD","1763483524","335271/2025-11-20/1763483524.json"
"2018320","2025901","2025-11-20","139.00","NZD","1763483524","335271/2025-11-20/1763483524.json"
"2018320","2025950","2025-11-20","132.05","NZD","1763483524","335271/2025-11-20/1763483524.json"
"2018321","2025902","2025-11-20","144.00","NZD","1763483524","335271/2025-11-20/1763483524.json"
"2018321","2025949","2025-11-20","136.80","NZD","1763483524","335271/2025-11-20/1763483524.json"
"2018327","2025908","2025-11-20","144.00","NZD","1763483524","335271/2025-11-20/1763483524.json"
"2018327","2025951","2025-11-20","136.80","NZD","1763483524","335271/2025-11-20/1763483524.json"
"2018317","2025898","2025-11-20","144.00","NZD","1763483524","335271/2025-11-20/1763483524.json"
"2018317","2025944","2025-11-20","136.80","NZD","1763483524","335271/2025-11-20/1763483524.json"
"2018322","2025903","2025-11-20","144.00","NZD","1763483524","335271/2025-11-20/1763483524.json"
"2018322","2025948","2025-11-20","136.80","NZD","1763483524","335271/2025-11-20/1763483524.json"
"2018318","2025899","2025-11-20","149.00","NZD","1763483524","335271/2025-11-20/1763483524.json"
"2018318","2025943","2025-11-20","141.55","NZD","1763483524","335271/2025-11-20/1763483524.json"
"2018319","2025900","2025-11-20","149.00","NZD","1763483524","335271/2025-11-20/1763483524.json"
"2018319","2025945","2025-11-20","141.55","NZD","1763483524","335271/2025-11-20/1763483524.json"
"2018323","2025904","2025-11-22","129.00","NZD","1763483524","335271/2025-11-22/1763483524.json"
"2018323","2025954","2025-11-22","122.55","NZD","1763483524","335271/2025-11-22/1763483524.json"
"2018326","2025907","2025-11-22","134.00","NZD","1763483524","335271/2025-11-22/1763483524.json"
"2018326","2025952","2025-11-22","127.30","NZD","1763483524","335271/2025-11-22/1763483524.json"
"2018325","2025906","2025-11-22","134.00","NZD","1763483524","335271/2025-11-22/1763483524.json"
"2018325","2025953","2025-11-22","127.30","NZD","1763483524","335271/2025-11-22/1763483524.json"
"2018320","2025901","2025-11-22","139.00","NZD","1763483524","335271/2025-11-22/1763483524.json"
"2018320","2025950","2025-11-22","132.05","NZD","1763483524","335271/2025-11-22/1763483524.json"
"2018322","2025903","2025-11-22","144.00","NZD","1763483524","335271/2025-11-22/1763483524.json"
"2018322","2025948","2025-11-22","136.80","NZD","1763483524","335271/2025-11-22/1763483524.json"
"2018327","2025908","2025-11-22","144.00","NZD","1763483524","335271/2025-11-22/1763483524.json"
"2018327","2025951","2025-11-22","136.80","NZD","1763483524","335271/2025-11-22/1763483524.json"
"2018321","2025902","2025-11-22","144.00","NZD","1763483524","335271/2025-11-22/1763483524.json"
"2018321","2025949","2025-11-22","136.80","NZD","1763483524","335271/2025-11-22/1763483524.json"
"2018317","2025898","2025-11-22","144.00","NZD","1763483524","335271/2025-11-22/1763483524.json"
"2018317","2025944","2025-11-22","136.80","NZD","1763483524","335271/2025-11-22/1763483524.json"
"2018319","2025900","2025-11-22","149.00","NZD","1763483524","335271/2025-11-22/1763483524.json"
"2018319","2025945","2025-11-22","141.55","NZD","1763483524","335271/2025-11-22/1763483524.json"
"2018318","2025899","2025-11-22","149.00","NZD","1763483524","335271/2025-11-22/1763483524.json"
"2018318","2025943","2025-11-22","141.55","NZD","1763483524","335271/2025-11-22/1763483524.json"
"2018323","2025904","2025-11-23","66.00","NZD","1763483524","335271/2025-11-23/1763483524.json"
"2018323","2025954","2025-11-23","62.70","NZD","1763483524","335271/2025-11-23/1763483524.json"
"2018326","2025907","2025-11-23","71.00","NZD","1763483524","335271/2025-11-23/1763483524.json"
"2018326","2025952","2025-11-23","67.45","NZD","1763483524","335271/2025-11-23/1763483524.json"
"2018325","2025906","2025-11-23","71.00","NZD","1763483524","335271/2025-11-23/1763483524.json"
"2018325","2025953","2025-11-23","67.45","NZD","1763483524","335271/2025-11-23/1763483524.json"
"2018320","2025901","2025-11-23","76.00","NZD","1763483524","335271/2025-11-23/1763483524.json"
"2018320","2025950","2025-11-23","72.20","NZD","1763483524","335271/2025-11-23/1763483524.json"
"2018322","2025903","2025-11-23","81.00","NZD","1763483524","335271/2025-11-23/1763483524.json"
"2018322","2025948","2025-11-23","76.95","NZD","1763483524","335271/2025-11-23/1763483524.json"
"2018327","2025908","2025-11-23","81.00","NZD","1763483524","335271/2025-11-23/1763483524.json"
"2018327","2025951","2025-11-23","76.95","NZD","1763483524","335271/2025-11-23/1763483524.json"
"2018321","2025902","2025-11-23","81.00","NZD","1763483524","335271/2025-11-23/1763483524.json"
"2018321","2025949","2025-11-23","76.95","NZD","1763483524","335271/2025-11-23/1763483524.json"
"2018317","2025898","2025-11-23","81.00","NZD","1763483524","335271/2025-11-23/1763483524.json"
"2018317","2025944","2025-11-23","76.95","NZD","1763483524","335271/2025-11-23/1763483524.json"
"2018319","2025900","2025-11-23","86.00","NZD","1763483524","335271/2025-11-23/1763483524.json"
"2018319","2025945","2025-11-23","81.70","NZD","1763483524","335271/2025-11-23/1763483524.json"
"2018318","2025899","2025-11-23","86.00","NZD","1763483524","335271/2025-11-23/1763483524.json"
"2018318","2025943","2025-11-23","81.70","NZD","1763483524","335271/2025-11-23/1763483524.json"
"2018323","2025904","2025-11-25","66.00","NZD","1763483524","335271/2025-11-25/1763483524.json"
"2018323","2025954","2025-11-25","62.70","NZD","1763483524","335271/2025-11-25/1763483524.json"
"2018326","2025907","2025-11-25","71.00","NZD","1763483524","335271/2025-11-25/1763483524.json"
"2018326","2025952","2025-11-25","67.45","NZD","1763483524","335271/2025-11-25/1763483524.json"
"2018325","2025906","2025-11-25","71.00","NZD","1763483524","335271/2025-11-25/1763483524.json"
"2018325","2025953","2025-11-25","67.45","NZD","1763483524","335271/2025-11-25/1763483524.json"
"2018320","2025901","2025-11-25","76.00","NZD","1763483524","335271/2025-11-25/1763483524.json"
"2018320","2025950","2025-11-25","72.20","NZD","1763483524","335271/2025-11-25/1763483524.json"
"2018322","2025903","2025-11-25","81.00","NZD","1763483524","335271/2025-11-25/1763483524.json"
"2018322","2025948","2025-11-25","76.95","NZD","1763483524","335271/2025-11-25/1763483524.json"
"2018327","2025908","2025-11-25","81.00","NZD","1763483524","335271/2025-11-25/1763483524.json"
"2018327","2025951","2025-11-25","76.95","NZD","1763483524","335271/2025-11-25/1763483524.json"
"2018321","2025902","2025-11-25","81.00","NZD","1763483524","335271/2025-11-25/1763483524.json"
"2018321","2025949","2025-11-25","76.95","NZD","1763483524","335271/2025-11-25/1763483524.json"
"2018317","2025898","2025-11-25","81.00","NZD","1763483524","335271/2025-11-25/1763483524.json"
"2018317","2025944","2025-11-25","76.95","NZD","1763483524","335271/2025-11-25/1763483524.json"
"2018319","2025900","2025-11-25","86.00","NZD","1763483524","335271/2025-11-25/1763483524.json"
"2018319","2025945","2025-11-25","81.70","NZD","1763483524","335271/2025-11-25/1763483524.json"
"2018318","2025899","2025-11-25","86.00","NZD","1763483524","335271/2025-11-25/1763483524.json"
"2018318","2025943","2025-11-25","81.70","NZD","1763483524","335271/2025-11-25/1763483524.json"
"2018323","2025904","2025-11-24","66.00","NZD","1763483524","335271/2025-11-24/1763483524.json"
"2018323","2025954","2025-11-24","62.70","NZD","1763483524","335271/2025-11-24/1763483524.json"
"2018326","2025907","2025-11-24","71.00","NZD","1763483524","335271/2025-11-24/1763483524.json"
"2018326","2025952","2025-11-24","67.45","NZD","1763483524","335271/2025-11-24/1763483524.json"
"2018325","2025906","2025-11-24","71.00","NZD","1763483524","335271/2025-11-24/1763483524.json"
"2018325","2025953","2025-11-24","67.45","NZD","1763483524","335271/2025-11-24/1763483524.json"
"2018320","2025901","2025-11-24","76.00","NZD","1763483524","335271/2025-11-24/1763483524.json"
"2018320","2025950","2025-11-24","72.20","NZD","1763483524","335271/2025-11-24/1763483524.json"
"2018321","2025902","2025-11-24","81.00","NZD","1763483524","335271/2025-11-24/1763483524.json"
"2018321","2025949","2025-11-24","76.95","NZD","1763483524","335271/2025-11-24/1763483524.json"
"2018327","2025908","2025-11-24","81.00","NZD","1763483524","335271/2025-11-24/1763483524.json"
"2018327","2025951","2025-11-24","76.95","NZD","1763483524","335271/2025-11-24/1763483524.json"
"2018317","2025898","2025-11-24","81.00","NZD","1763483524","335271/2025-11-24/1763483524.json"
"2018317","2025944","2025-11-24","76.95","NZD","1763483524","335271/2025-11-24/1763483524.json"
"2018322","2025903","2025-11-24","81.00","NZD","1763483524","335271/2025-11-24/1763483524.json"
"2018322","2025948","2025-11-24","76.95","NZD","1763483524","335271/2025-11-24/1763483524.json"
"2018318","2025899","2025-11-24","86.00","NZD","1763483524","335271/2025-11-24/1763483524.json"
"2018318","2025943","2025-11-24","81.70","NZD","1763483524","335271/2025-11-24/1763483524.json"
"2018319","2025900","2025-11-24","86.00","NZD","1763483524","335271/2025-11-24/1763483524.json"
"2018319","2025945","2025-11-24","81.70","NZD","1763483524","335271/2025-11-24/1763483524.json"
"2018323","2025904","2025-11-26","66.00","NZD","1763483524","335271/2025-11-26/1763483524.json"
"2018323","2025954","2025-11-26","62.70","NZD","1763483524","335271/2025-11-26/1763483524.json"
"2018326","2025907","2025-11-26","71.00","NZD","1763483524","335271/2025-11-26/1763483524.json"
"2018326","2025952","2025-11-26","67.45","NZD","1763483524","335271/2025-11-26/1763483524.json"
"2018325","2025906","2025-11-26","71.00","NZD","1763483524","335271/2025-11-26/1763483524.json"
"2018325","2025953","2025-11-26","67.45","NZD","1763483524","335271/2025-11-26/1763483524.json"
"2018320","2025901","2025-11-26","76.00","NZD","1763483524","335271/2025-11-26/1763483524.json"
"2018320","2025950","2025-11-26","72.20","NZD","1763483524","335271/2025-11-26/1763483524.json"
"2018321","2025902","2025-11-26","81.00","NZD","1763483524","335271/2025-11-26/1763483524.json"
"2018321","2025949","2025-11-26","76.95","NZD","1763483524","335271/2025-11-26/1763483524.json"
"2018327","2025908","2025-11-26","81.00","NZD","1763483524","335271/2025-11-26/1763483524.json"
"2018327","2025951","2025-11-26","76.95","NZD","1763483524","335271/2025-11-26/1763483524.json"
"2018317","2025898","2025-11-26","81.00","NZD","1763483524","335271/2025-11-26/1763483524.json"
"2018317","2025944","2025-11-26","76.95","NZD","1763483524","335271/2025-11-26/1763483524.json"
"2018322","2025903","2025-11-26","81.00","NZD","1763483524","335271/2025-11-26/1763483524.json"
"2018322","2025948","2025-11-26","76.95","NZD","1763483524","335271/2025-11-26/1763483524.json"
"2018318","2025899","2025-11-26","86.00","NZD","1763483524","335271/2025-11-26/1763483524.json"
"2018318","2025943","2025-11-26","81.70","NZD","1763483524","335271/2025-11-26/1763483524.json"
"2018319","2025900","2025-11-26","86.00","NZD","1763483524","335271/2025-11-26/1763483524.json"
"2018319","2025945","2025-11-26","81.70","NZD","1763483524","335271/2025-11-26/1763483524.json"
"2018323","2025904","2025-11-27","66.00","NZD","1763483524","335271/2025-11-27/1763483524.json"
"2018323","2025954","2025-11-27","62.70","NZD","1763483524","335271/2025-11-27/1763483524.json"
"2018326","2025907","2025-11-27","71.00","NZD","1763483524","335271/2025-11-27/1763483524.json"
"2018326","2025952","2025-11-27","67.45","NZD","1763483524","335271/2025-11-27/1763483524.json"
"2018325","2025906","2025-11-27","71.00","NZD","1763483524","335271/2025-11-27/1763483524.json"
"2018325","2025953","2025-11-27","67.45","NZD","1763483524","335271/2025-11-27/1763483524.json"
"2018320","2025901","2025-11-27","76.00","NZD","1763483524","335271/2025-11-27/1763483524.json"
"2018320","2025950","2025-11-27","72.20","NZD","1763483524","335271/2025-11-27/1763483524.json"
"2018321","2025902","2025-11-27","81.00","NZD","1763483524","335271/2025-11-27/1763483524.json"
"2018321","2025949","2025-11-27","76.95","NZD","1763483524","335271/2025-11-27/1763483524.json"
"2018327","2025908","2025-11-27","81.00","NZD","1763483524","335271/2025-11-27/1763483524.json"
"2018327","2025951","2025-11-27","76.95","NZD","1763483524","335271/2025-11-27/1763483524.json"
"2018317","2025898","2025-11-27","81.00","NZD","1763483524","335271/2025-11-27/1763483524.json"
"2018317","2025944","2025-11-27","76.95","NZD","1763483524","335271/2025-11-27/1763483524.json"
"2018322","2025903","2025-11-27","81.00","NZD","1763483524","335271/2025-11-27/1763483524.json"
"2018322","2025948","2025-11-27","76.95","NZD","1763483524","335271/2025-11-27/1763483524.json"
"2018318","2025899","2025-11-27","86.00","NZD","1763483524","335271/2025-11-27/1763483524.json"
"2018318","2025943","2025-11-27","81.70","NZD","1763483524","335271/2025-11-27/1763483524.json"
"2018319","2025900","2025-11-27","86.00","NZD","1763483524","335271/2025-11-27/1763483524.json"
"2018319","2025945","2025-11-27","81.70","NZD","1763483524","335271/2025-11-27/1763483524.json"
"2018323","2025904","2025-11-28","66.00","NZD","1763483524","335271/2025-11-28/1763483524.json"
"2018323","2025954","2025-11-28","62.70","NZD","1763483524","335271/2025-11-28/1763483524.json"
"2018326","2025907","2025-11-28","71.00","NZD","1763483524","335271/2025-11-28/1763483524.json"
"2018326","2025952","2025-11-28","67.45","NZD","1763483524","335271/2025-11-28/1763483524.json"
"2018325","2025906","2025-11-28","71.00","NZD","1763483524","335271/2025-11-28/1763483524.json"
"2018325","2025953","2025-11-28","67.45","NZD","1763483524","335271/2025-11-28/1763483524.json"
"2018320","2025901","2025-11-28","76.00","NZD","1763483524","335271/2025-11-28/1763483524.json"
"2018320","2025950","2025-11-28","72.20","NZD","1763483524","335271/2025-11-28/1763483524.json"
"2018321","2025902","2025-11-28","81.00","NZD","1763483524","335271/2025-11-28/1763483524.json"
"2018321","2025949","2025-11-28","76.95","NZD","1763483524","335271/2025-11-28/1763483524.json"
"2018327","2025908","2025-11-28","81.00","NZD","1763483524","335271/2025-11-28/1763483524.json"
"2018327","2025951","2025-11-28","76.95","NZD","1763483524","335271/2025-11-28/1763483524.json"
"2018317","2025898","2025-11-28","81.00","NZD","1763483524","335271/2025-11-28/1763483524.json"
"2018317","2025944","2025-11-28","76.95","NZD","1763483524","335271/2025-11-28/1763483524.json"
"2018322","2025903","2025-11-28","81.00","NZD","1763483524","335271/2025-11-28/1763483524.json"
"2018322","2025948","2025-11-28","76.95","NZD","1763483524","335271/2025-11-28/1763483524.json"
"2018318","2025899","2025-11-28","86.00","NZD","1763483524","335271/2025-11-28/1763483524.json"
"2018318","2025943","2025-11-28","81.70","NZD","1763483524","335271/2025-11-28/1763483524.json"
"2018319","2025900","2025-11-28","86.00","NZD","1763483524","335271/2025-11-28/1763483524.json"
"2018319","2025945","2025-11-28","81.70","NZD","1763483524","335271/2025-11-28/1763483524.json"
"2018323","2025904","2025-11-30","66.00","NZD","1763483524","335271/2025-11-30/1763483524.json"
"2018323","2025954","2025-11-30","62.70","NZD","1763483524","335271/2025-11-30/1763483524.json"
"2018326","2025907","2025-11-30","71.00","NZD","1763483524","335271/2025-11-30/1763483524.json"
"2018326","2025952","2025-11-30","67.45","NZD","1763483524","335271/2025-11-30/1763483524.json"
"2018325","2025906","2025-11-30","71.00","NZD","1763483524","335271/2025-11-30/1763483524.json"
"2018325","2025953","2025-11-30","67.45","NZD","1763483524","335271/2025-11-30/1763483524.json"
"2018320","2025901","2025-11-30","76.00","NZD","1763483524","335271/2025-11-30/1763483524.json"
"2018320","2025950","2025-11-30","72.20","NZD","1763483524","335271/2025-11-30/1763483524.json"
"2018321","2025902","2025-11-30","81.00","NZD","1763483524","335271/2025-11-30/1763483524.json"
"2018321","2025949","2025-11-30","76.95","NZD","1763483524","335271/2025-11-30/1763483524.json"
"2018327","2025908","2025-11-30","81.00","NZD","1763483524","335271/2025-11-30/1763483524.json"
"2018327","2025951","2025-11-30","76.95","NZD","1763483524","335271/2025-11-30/1763483524.json"
"2018317","2025898","2025-11-30","81.00","NZD","1763483524","335271/2025-11-30/1763483524.json"
"2018317","2025944","2025-11-30","76.95","NZD","1763483524","335271/2025-11-30/1763483524.json"
"2018322","2025903","2025-11-30","81.00","NZD","1763483524","335271/2025-11-30/1763483524.json"
"2018322","2025948","2025-11-30","76.95","NZD","1763483524","335271/2025-11-30/1763483524.json"
"2018318","2025899","2025-11-30","86.00","NZD","1763483524","335271/2025-11-30/1763483524.json"
"2018318","2025943","2025-11-30","81.70","NZD","1763483524","335271/2025-11-30/1763483524.json"
"2018319","2025900","2025-11-30","86.00","NZD","1763483524","335271/2025-11-30/1763483524.json"
"2018319","2025945","2025-11-30","81.70","NZD","1763483524","335271/2025-11-30/1763483524.json"
"2018323","2025904","2025-11-29","66.00","NZD","1763483524","335271/2025-11-29/1763483524.json"
"2018323","2025954","2025-11-29","62.70","NZD","1763483524","335271/2025-11-29/1763483524.json"
"2018326","2025907","2025-11-29","71.00","NZD","1763483524","335271/2025-11-29/1763483524.json"
"2018326","2025952","2025-11-29","67.45","NZD","1763483524","335271/2025-11-29/1763483524.json"
"2018325","2025906","2025-11-29","71.00","NZD","1763483524","335271/2025-11-29/1763483524.json"
"2018325","2025953","2025-11-29","67.45","NZD","1763483524","335271/2025-11-29/1763483524.json"
"2018320","2025901","2025-11-29","76.00","NZD","1763483524","335271/2025-11-29/1763483524.json"
"2018320","2025950","2025-11-29","72.20","NZD","1763483524","335271/2025-11-29/1763483524.json"
"2018321","2025902","2025-11-29","81.00","NZD","1763483524","335271/2025-11-29/1763483524.json"
"2018321","2025949","2025-11-29","76.95","NZD","1763483524","335271/2025-11-29/1763483524.json"
"2018327","2025908","2025-11-29","81.00","NZD","1763483524","335271/2025-11-29/1763483524.json"
"2018327","2025951","2025-11-29","76.95","NZD","1763483524","335271/2025-11-29/1763483524.json"
"2018317","2025898","2025-11-29","81.00","NZD","1763483524","335271/2025-11-29/1763483524.json"
"2018317","2025944","2025-11-29","76.95","NZD","1763483524","335271/2025-11-29/1763483524.json"
"2018322","2025903","2025-11-29","81.00","NZD","1763483524","335271/2025-11-29/1763483524.json"
"2018322","2025948","2025-11-29","76.95","NZD","1763483524","335271/2025-11-29/1763483524.json"
"2018318","2025899","2025-11-29","86.00","NZD","1763483524","335271/2025-11-29/1763483524.json"
"2018318","2025943","2025-11-29","81.70","NZD","1763483524","335271/2025-11-29/1763483524.json"
"2018319","2025900","2025-11-29","86.00","NZD","1763483524","335271/2025-11-29/1763483524.json"
"2018319","2025945","2025-11-29","81.70","NZD","1763483524","335271/2025-11-29/1763483524.json"
"2018323","2025904","2025-12-01","66.00","NZD","1763483524","335271/2025-12-01/1763483524.json"
"2018323","2025954","2025-12-01","62.70","NZD","1763483524","335271/2025-12-01/1763483524.json"
"2018326","2025907","2025-12-01","71.00","NZD","1763483524","335271/2025-12-01/1763483524.json"
"2018326","2025952","2025-12-01","67.45","NZD","1763483524","335271/2025-12-01/1763483524.json"
"2018325","2025906","2025-12-01","71.00","NZD","1763483524","335271/2025-12-01/1763483524.json"
"2018325","2025953","2025-12-01","67.45","NZD","1763483524","335271/2025-12-01/1763483524.json"
"2018320","2025901","2025-12-01","76.00","NZD","1763483524","335271/2025-12-01/1763483524.json"
"2018320","2025950","2025-12-01","72.20","NZD","1763483524","335271/2025-12-01/1763483524.json"
"2018321","2025902","2025-12-01","81.00","NZD","1763483524","335271/2025-12-01/1763483524.json"
"2018321","2025949","2025-12-01","76.95","NZD","1763483524","335271/2025-12-01/1763483524.json"
"2018327","2025908","2025-12-01","81.00","NZD","1763483524","335271/2025-12-01/1763483524.json"
"2018327","2025951","2025-12-01","76.95","NZD","1763483524","335271/2025-12-01/1763483524.json"
"2018317","2025898","2025-12-01","81.00","NZD","1763483524","335271/2025-12-01/1763483524.json"
"2018317","2025944","2025-12-01","76.95","NZD","1763483524","335271/2025-12-01/1763483524.json"
"2018322","2025903","2025-12-01","81.00","NZD","1763483524","335271/2025-12-01/1763483524.json"
"2018322","2025948","2025-12-01","76.95","NZD","1763483524","335271/2025-12-01/1763483524.json"
"2018318","2025899","2025-12-01","86.00","NZD","1763483524","335271/2025-12-01/1763483524.json"
"2018318","2025943","2025-12-01","81.70","NZD","1763483524","335271/2025-12-01/1763483524.json"
"2018319","2025900","2025-12-01","86.00","NZD","1763483524","335271/2025-12-01/1763483524.json"
"2018319","2025945","2025-12-01","81.70","NZD","1763483524","335271/2025-12-01/1763483524.json"
"2018323","2025904","2025-12-04","66.00","NZD","1763483524","335271/2025-12-04/1763483524.json"
"2018323","2025954","2025-12-04","62.70","NZD","1763483524","335271/2025-12-04/1763483524.json"
"2018326","2025907","2025-12-04","71.00","NZD","1763483524","335271/2025-12-04/1763483524.json"
"2018326","2025952","2025-12-04","67.45","NZD","1763483524","335271/2025-12-04/1763483524.json"
"2018325","2025906","2025-12-04","71.00","NZD","1763483524","335271/2025-12-04/1763483524.json"
"2018325","2025953","2025-12-04","67.45","NZD","1763483524","335271/2025-12-04/1763483524.json"
"2018320","2025901","2025-12-04","76.00","NZD","1763483524","335271/2025-12-04/1763483524.json"
"2018320","2025950","2025-12-04","72.20","NZD","1763483524","335271/2025-12-04/1763483524.json"
"2018322","2025903","2025-12-04","81.00","NZD","1763483524","335271/2025-12-04/1763483524.json"
"2018322","2025948","2025-12-04","76.95","NZD","1763483524","335271/2025-12-04/1763483524.json"
"2018327","2025908","2025-12-04","81.00","NZD","1763483524","335271/2025-12-04/1763483524.json"
"2018327","2025951","2025-12-04","76.95","NZD","1763483524","335271/2025-12-04/1763483524.json"
"2018321","2025902","2025-12-04","81.00","NZD","1763483524","335271/2025-12-04/1763483524.json"
"2018321","2025949","2025-12-04","76.95","NZD","1763483524","335271/2025-12-04/1763483524.json"
"2018317","2025898","2025-12-04","81.00","NZD","1763483524","335271/2025-12-04/1763483524.json"
"2018317","2025944","2025-12-04","76.95","NZD","1763483524","335271/2025-12-04/1763483524.json"
"2018319","2025900","2025-12-04","86.00","NZD","1763483524","335271/2025-12-04/1763483524.json"
"2018319","2025945","2025-12-04","81.70","NZD","1763483524","335271/2025-12-04/1763483524.json"
"2018318","2025899","2025-12-04","86.00","NZD","1763483524","335271/2025-12-04/1763483524.json"
"2018318","2025943","2025-12-04","81.70","NZD","1763483524","335271/2025-12-04/1763483524.json"
"2018323","2025904","2025-12-02","79.00","NZD","1763483524","335271/2025-12-02/1763483524.json"
"2018323","2025954","2025-12-02","75.05","NZD","1763483524","335271/2025-12-02/1763483524.json"
"2018326","2025907","2025-12-02","84.00","NZD","1763483524","335271/2025-12-02/1763483524.json"
"2018326","2025952","2025-12-02","79.80","NZD","1763483524","335271/2025-12-02/1763483524.json"
"2018325","2025906","2025-12-02","84.00","NZD","1763483524","335271/2025-12-02/1763483524.json"
"2018325","2025953","2025-12-02","79.80","NZD","1763483524","335271/2025-12-02/1763483524.json"
"2018320","2025901","2025-12-02","89.00","NZD","1763483524","335271/2025-12-02/1763483524.json"
"2018320","2025950","2025-12-02","84.55","NZD","1763483524","335271/2025-12-02/1763483524.json"
"2018322","2025903","2025-12-02","94.00","NZD","1763483524","335271/2025-12-02/1763483524.json"
"2018322","2025948","2025-12-02","89.30","NZD","1763483524","335271/2025-12-02/1763483524.json"
"2018327","2025908","2025-12-02","94.00","NZD","1763483524","335271/2025-12-02/1763483524.json"
"2018327","2025951","2025-12-02","89.30","NZD","1763483524","335271/2025-12-02/1763483524.json"
"2018321","2025902","2025-12-02","94.00","NZD","1763483524","335271/2025-12-02/1763483524.json"
"2018321","2025949","2025-12-02","89.30","NZD","1763483524","335271/2025-12-02/1763483524.json"
"2018317","2025898","2025-12-02","94.00","NZD","1763483524","335271/2025-12-02/1763483524.json"
"2018317","2025944","2025-12-02","89.30","NZD","1763483524","335271/2025-12-02/1763483524.json"
"2018319","2025900","2025-12-02","99.00","NZD","1763483524","335271/2025-12-02/1763483524.json"
"2018319","2025945","2025-12-02","94.05","NZD","1763483524","335271/2025-12-02/1763483524.json"
"2018318","2025899","2025-12-02","99.00","NZD","1763483524","335271/2025-12-02/1763483524.json"
"2018318","2025943","2025-12-02","94.05","NZD","1763483524","335271/2025-12-02/1763483524.json"
"2018323","2025904","2025-12-03","66.00","NZD","1763483524","335271/2025-12-03/1763483524.json"
"2018323","2025954","2025-12-03","62.70","NZD","1763483524","335271/2025-12-03/1763483524.json"
"2018326","2025907","2025-12-03","71.00","NZD","1763483524","335271/2025-12-03/1763483524.json"
"2018326","2025952","2025-12-03","67.45","NZD","1763483524","335271/2025-12-03/1763483524.json"
"2018325","2025906","2025-12-03","71.00","NZD","1763483524","335271/2025-12-03/1763483524.json"
"2018325","2025953","2025-12-03","67.45","NZD","1763483524","335271/2025-12-03/1763483524.json"
"2018320","2025901","2025-12-03","76.00","NZD","1763483524","335271/2025-12-03/1763483524.json"
"2018320","2025950","2025-12-03","72.20","NZD","1763483524","335271/2025-12-03/1763483524.json"
"2018321","2025902","2025-12-03","81.00","NZD","1763483524","335271/2025-12-03/1763483524.json"
"2018321","2025949","2025-12-03","76.95","NZD","1763483524","335271/2025-12-03/1763483524.json"
"2018327","2025908","2025-12-03","81.00","NZD","1763483524","335271/2025-12-03/1763483524.json"
"2018327","2025951","2025-12-03","76.95","NZD","1763483524","335271/2025-12-03/1763483524.json"
"2018317","2025898","2025-12-03","81.00","NZD","1763483524","335271/2025-12-03/1763483524.json"
"2018317","2025944","2025-12-03","76.95","NZD","1763483524","335271/2025-12-03/1763483524.json"
"2018322","2025903","2025-12-03","81.00","NZD","1763483524","335271/2025-12-03/1763483524.json"
"2018322","2025948","2025-12-03","76.95","NZD","1763483524","335271/2025-12-03/1763483524.json"
"2018318","2025899","2025-12-03","86.00","NZD","1763483524","335271/2025-12-03/1763483524.json"
"2018318","2025943","2025-12-03","81.70","NZD","1763483524","335271/2025-12-03/1763483524.json"
"2018319","2025900","2025-12-03","86.00","NZD","1763483524","335271/2025-12-03/1763483524.json"
"2018319","2025945","2025-12-03","81.70","NZD","1763483524","335271/2025-12-03/1763483524.json"
"2018323","2025904","2025-12-05","66.00","NZD","1763483524","335271/2025-12-05/1763483524.json"
"2018323","2025954","2025-12-05","62.70","NZD","1763483524","335271/2025-12-05/1763483524.json"
"2018326","2025907","2025-12-05","71.00","NZD","1763483524","335271/2025-12-05/1763483524.json"
"2018326","2025952","2025-12-05","67.45","NZD","1763483524","335271/2025-12-05/1763483524.json"
"2018325","2025906","2025-12-05","71.00","NZD","1763483524","335271/2025-12-05/1763483524.json"
"2018325","2025953","2025-12-05","67.45","NZD","1763483524","335271/2025-12-05/1763483524.json"
"2018320","2025901","2025-12-05","76.00","NZD","1763483524","335271/2025-12-05/1763483524.json"
"2018320","2025950","2025-12-05","72.20","NZD","1763483524","335271/2025-12-05/1763483524.json"
"2018321","2025902","2025-12-05","81.00","NZD","1763483524","335271/2025-12-05/1763483524.json"
"2018321","2025949","2025-12-05","76.95","NZD","1763483524","335271/2025-12-05/1763483524.json"
"2018327","2025908","2025-12-05","81.00","NZD","1763483524","335271/2025-12-05/1763483524.json"
"2018327","2025951","2025-12-05","76.95","NZD","1763483524","335271/2025-12-05/1763483524.json"
"2018317","2025898","2025-12-05","81.00","NZD","1763483524","335271/2025-12-05/1763483524.json"
"2018317","2025944","2025-12-05","76.95","NZD","1763483524","335271/2025-12-05/1763483524.json"
"2018322","2025903","2025-12-05","81.00","NZD","1763483524","335271/2025-12-05/1763483524.json"
"2018322","2025948","2025-12-05","76.95","NZD","1763483524","335271/2025-12-05/1763483524.json"
"2018318","2025899","2025-12-05","86.00","NZD","1763483524","335271/2025-12-05/1763483524.json"
"2018318","2025943","2025-12-05","81.70","NZD","1763483524","335271/2025-12-05/1763483524.json"
"2018319","2025900","2025-12-05","86.00","NZD","1763483524","335271/2025-12-05/1763483524.json"
"2018319","2025945","2025-12-05","81.70","NZD","1763483524","335271/2025-12-05/1763483524.json"
"2018323","2025904","2025-12-06","66.00","NZD","1763483524","335271/2025-12-06/1763483524.json"
"2018323","2025954","2025-12-06","62.70","NZD","1763483524","335271/2025-12-06/1763483524.json"
"2018326","2025907","2025-12-06","71.00","NZD","1763483524","335271/2025-12-06/1763483524.json"
"2018326","2025952","2025-12-06","67.45","NZD","1763483524","335271/2025-12-06/1763483524.json"
"2018325","2025906","2025-12-06","71.00","NZD","1763483524","335271/2025-12-06/1763483524.json"
"2018325","2025953","2025-12-06","67.45","NZD","1763483524","335271/2025-12-06/1763483524.json"
"2018320","2025901","2025-12-06","76.00","NZD","1763483524","335271/2025-12-06/1763483524.json"
"2018320","2025950","2025-12-06","72.20","NZD","1763483524","335271/2025-12-06/1763483524.json"
"2018321","2025902","2025-12-06","81.00","NZD","1763483524","335271/2025-12-06/1763483524.json"
"2018321","2025949","2025-12-06","76.95","NZD","1763483524","335271/2025-12-06/1763483524.json"
"2018327","2025908","2025-12-06","81.00","NZD","1763483524","335271/2025-12-06/1763483524.json"
"2018327","2025951","2025-12-06","76.95","NZD","1763483524","335271/2025-12-06/1763483524.json"
"2018317","2025898","2025-12-06","81.00","NZD","1763483524","335271/2025-12-06/1763483524.json"
"2018317","2025944","2025-12-06","76.95","NZD","1763483524","335271/2025-12-06/1763483524.json"
"2018322","2025903","2025-12-06","81.00","NZD","1763483524","335271/2025-12-06/1763483524.json"
"2018322","2025948","2025-12-06","76.95","NZD","1763483524","335271/2025-12-06/1763483524.json"
"2018318","2025899","2025-12-06","86.00","NZD","1763483524","335271/2025-12-06/1763483524.json"
"2018318","2025943","2025-12-06","81.70","NZD","1763483524","335271/2025-12-06/1763483524.json"
"2018319","2025900","2025-12-06","86.00","NZD","1763483524","335271/2025-12-06/1763483524.json"
"2018319","2025945","2025-12-06","81.70","NZD","1763483524","335271/2025-12-06/1763483524.json"
"2018323","2025904","2025-12-07","66.00","NZD","1763483524","335271/2025-12-07/1763483524.json"
"2018323","2025954","2025-12-07","62.70","NZD","1763483524","335271/2025-12-07/1763483524.json"
"2018326","2025907","2025-12-07","71.00","NZD","1763483524","335271/2025-12-07/1763483524.json"
"2018326","2025952","2025-12-07","67.45","NZD","1763483524","335271/2025-12-07/1763483524.json"
"2018325","2025906","2025-12-07","71.00","NZD","1763483524","335271/2025-12-07/1763483524.json"
"2018325","2025953","2025-12-07","67.45","NZD","1763483524","335271/2025-12-07/1763483524.json"
"2018320","2025901","2025-12-07","76.00","NZD","1763483524","335271/2025-12-07/1763483524.json"
"2018320","2025950","2025-12-07","72.20","NZD","1763483524","335271/2025-12-07/1763483524.json"
"2018321","2025902","2025-12-07","81.00","NZD","1763483524","335271/2025-12-07/1763483524.json"
"2018321","2025949","2025-12-07","76.95","NZD","1763483524","335271/2025-12-07/1763483524.json"
"2018327","2025908","2025-12-07","81.00","NZD","1763483524","335271/2025-12-07/1763483524.json"
"2018327","2025951","2025-12-07","76.95","NZD","1763483524","335271/2025-12-07/1763483524.json"
"2018317","2025898","2025-12-07","81.00","NZD","1763483524","335271/2025-12-07/1763483524.json"
"2018317","2025944","2025-12-07","76.95","NZD","1763483524","335271/2025-12-07/1763483524.json"
"2018322","2025903","2025-12-07","81.00","NZD","1763483524","335271/2025-12-07/1763483524.json"
"2018322","2025948","2025-12-07","76.95","NZD","1763483524","335271/2025-12-07/1763483524.json"
"2018318","2025899","2025-12-07","86.00","NZD","1763483524","335271/2025-12-07/1763483524.json"
"2018318","2025943","2025-12-07","81.70","NZD","1763483524","335271/2025-12-07/1763483524.json"
"2018319","2025900","2025-12-07","86.00","NZD","1763483524","335271/2025-12-07/1763483524.json"
"2018319","2025945","2025-12-07","81.70","NZD","1763483524","335271/2025-12-07/1763483524.json"
"2018323","2025904","2025-12-09","66.00","NZD","1763483524","335271/2025-12-09/1763483524.json"
"2018323","2025954","2025-12-09","62.70","NZD","1763483524","335271/2025-12-09/1763483524.json"
"2018326","2025907","2025-12-09","71.00","NZD","1763483524","335271/2025-12-09/1763483524.json"
"2018326","2025952","2025-12-09","67.45","NZD","1763483524","335271/2025-12-09/1763483524.json"
"2018325","2025906","2025-12-09","71.00","NZD","1763483524","335271/2025-12-09/1763483524.json"
"2018325","2025953","2025-12-09","67.45","NZD","1763483524","335271/2025-12-09/1763483524.json"
"2018320","2025901","2025-12-09","76.00","NZD","1763483524","335271/2025-12-09/1763483524.json"
"2018320","2025950","2025-12-09","72.20","NZD","1763483524","335271/2025-12-09/1763483524.json"
"2018321","2025902","2025-12-09","81.00","NZD","1763483524","335271/2025-12-09/1763483524.json"
"2018321","2025949","2025-12-09","76.95","NZD","1763483524","335271/2025-12-09/1763483524.json"
"2018327","2025908","2025-12-09","81.00","NZD","1763483524","335271/2025-12-09/1763483524.json"
"2018327","2025951","2025-12-09","76.95","NZD","1763483524","335271/2025-12-09/1763483524.json"
"2018317","2025898","2025-12-09","81.00","NZD","1763483524","335271/2025-12-09/1763483524.json"
"2018317","2025944","2025-12-09","76.95","NZD","1763483524","335271/2025-12-09/1763483524.json"
"2018322","2025903","2025-12-09","81.00","NZD","1763483524","335271/2025-12-09/1763483524.json"
"2018322","2025948","2025-12-09","76.95","NZD","1763483524","335271/2025-12-09/1763483524.json"
"2018318","2025899","2025-12-09","86.00","NZD","1763483524","335271/2025-12-09/1763483524.json"
"2018318","2025943","2025-12-09","81.70","NZD","1763483524","335271/2025-12-09/1763483524.json"
"2018319","2025900","2025-12-09","86.00","NZD","1763483524","335271/2025-12-09/1763483524.json"
"2018319","2025945","2025-12-09","81.70","NZD","1763483524","335271/2025-12-09/1763483524.json"
"2018323","2025904","2025-12-08","66.00","NZD","1763483524","335271/2025-12-08/1763483524.json"
"2018323","2025954","2025-12-08","62.70","NZD","1763483524","335271/2025-12-08/1763483524.json"
"2018326","2025907","2025-12-08","71.00","NZD","1763483524","335271/2025-12-08/1763483524.json"
"2018326","2025952","2025-12-08","67.45","NZD","1763483524","335271/2025-12-08/1763483524.json"
"2018325","2025906","2025-12-08","71.00","NZD","1763483524","335271/2025-12-08/1763483524.json"
"2018325","2025953","2025-12-08","67.45","NZD","1763483524","335271/2025-12-08/1763483524.json"
"2018320","2025901","2025-12-08","76.00","NZD","1763483524","335271/2025-12-08/1763483524.json"
"2018320","2025950","2025-12-08","72.20","NZD","1763483524","335271/2025-12-08/1763483524.json"
"2018321","2025902","2025-12-08","81.00","NZD","1763483524","335271/2025-12-08/1763483524.json"
"2018321","2025949","2025-12-08","76.95","NZD","1763483524","335271/2025-12-08/1763483524.json"
"2018327","2025908","2025-12-08","81.00","NZD","1763483524","335271/2025-12-08/1763483524.json"
"2018327","2025951","2025-12-08","76.95","NZD","1763483524","335271/2025-12-08/1763483524.json"
"2018317","2025898","2025-12-08","81.00","NZD","1763483524","335271/2025-12-08/1763483524.json"
"2018317","2025944","2025-12-08","76.95","NZD","1763483524","335271/2025-12-08/1763483524.json"
"2018322","2025903","2025-12-08","81.00","NZD","1763483524","335271/2025-12-08/1763483524.json"
"2018322","2025948","2025-12-08","76.95","NZD","1763483524","335271/2025-12-08/1763483524.json"
"2018318","2025899","2025-12-08","86.00","NZD","1763483524","335271/2025-12-08/1763483524.json"
"2018318","2025943","2025-12-08","81.70","NZD","1763483524","335271/2025-12-08/1763483524.json"
"2018319","2025900","2025-12-08","86.00","NZD","1763483524","335271/2025-12-08/1763483524.json"
"2018319","2025945","2025-12-08","81.70","NZD","1763483524","335271/2025-12-08/1763483524.json"
"2018323","2025904","2025-12-11","66.00","NZD","1763483524","335271/2025-12-11/1763483524.json"
"2018323","2025954","2025-12-11","62.70","NZD","1763483524","335271/2025-12-11/1763483524.json"
"2018326","2025907","2025-12-11","71.00","NZD","1763483524","335271/2025-12-11/1763483524.json"
"2018326","2025952","2025-12-11","67.45","NZD","1763483524","335271/2025-12-11/1763483524.json"
"2018325","2025906","2025-12-11","71.00","NZD","1763483524","335271/2025-12-11/1763483524.json"
"2018325","2025953","2025-12-11","67.45","NZD","1763483524","335271/2025-12-11/1763483524.json"
"2018320","2025901","2025-12-11","76.00","NZD","1763483524","335271/2025-12-11/1763483524.json"
"2018320","2025950","2025-12-11","72.20","NZD","1763483524","335271/2025-12-11/1763483524.json"
"2018321","2025902","2025-12-11","81.00","NZD","1763483524","335271/2025-12-11/1763483524.json"
"2018321","2025949","2025-12-11","76.95","NZD","1763483524","335271/2025-12-11/1763483524.json"
"2018327","2025908","2025-12-11","81.00","NZD","1763483524","335271/2025-12-11/1763483524.json"
"2018327","2025951","2025-12-11","76.95","NZD","1763483524","335271/2025-12-11/1763483524.json"
"2018317","2025898","2025-12-11","81.00","NZD","1763483524","335271/2025-12-11/1763483524.json"
"2018317","2025944","2025-12-11","76.95","NZD","1763483524","335271/2025-12-11/1763483524.json"
"2018322","2025903","2025-12-11","81.00","NZD","1763483524","335271/2025-12-11/1763483524.json"
"2018322","2025948","2025-12-11","76.95","NZD","1763483524","335271/2025-12-11/1763483524.json"
"2018318","2025899","2025-12-11","86.00","NZD","1763483524","335271/2025-12-11/1763483524.json"
"2018318","2025943","2025-12-11","81.70","NZD","1763483524","335271/2025-12-11/1763483524.json"
"2018319","2025900","2025-12-11","86.00","NZD","1763483524","335271/2025-12-11/1763483524.json"
"2018319","2025945","2025-12-11","81.70","NZD","1763483524","335271/2025-12-11/1763483524.json"
"2018323","2025904","2025-12-13","66.00","NZD","1763483524","335271/2025-12-13/1763483524.json"
"2018323","2025954","2025-12-13","62.70","NZD","1763483524","335271/2025-12-13/1763483524.json"
"2018326","2025907","2025-12-13","71.00","NZD","1763483524","335271/2025-12-13/1763483524.json"
"2018326","2025952","2025-12-13","67.45","NZD","1763483524","335271/2025-12-13/1763483524.json"
"2018325","2025906","2025-12-13","71.00","NZD","1763483524","335271/2025-12-13/1763483524.json"
"2018325","2025953","2025-12-13","67.45","NZD","1763483524","335271/2025-12-13/1763483524.json"
"2018320","2025901","2025-12-13","76.00","NZD","1763483524","335271/2025-12-13/1763483524.json"
"2018320","2025950","2025-12-13","72.20","NZD","1763483524","335271/2025-12-13/1763483524.json"
"2018321","2025902","2025-12-13","81.00","NZD","1763483524","335271/2025-12-13/1763483524.json"
"2018321","2025949","2025-12-13","76.95","NZD","1763483524","335271/2025-12-13/1763483524.json"
"2018327","2025908","2025-12-13","81.00","NZD","1763483524","335271/2025-12-13/1763483524.json"
"2018327","2025951","2025-12-13","76.95","NZD","1763483524","335271/2025-12-13/1763483524.json"
"2018317","2025898","2025-12-13","81.00","NZD","1763483524","335271/2025-12-13/1763483524.json"
"2018317","2025944","2025-12-13","76.95","NZD","1763483524","335271/2025-12-13/1763483524.json"
"2018322","2025903","2025-12-13","81.00","NZD","1763483524","335271/2025-12-13/1763483524.json"
"2018322","2025948","2025-12-13","76.95","NZD","1763483524","335271/2025-12-13/1763483524.json"
"2018318","2025899","2025-12-13","86.00","NZD","1763483524","335271/2025-12-13/1763483524.json"
"2018318","2025943","2025-12-13","81.70","NZD","1763483524","335271/2025-12-13/1763483524.json"
"2018319","2025900","2025-12-13","86.00","NZD","1763483524","335271/2025-12-13/1763483524.json"
"2018319","2025945","2025-12-13","81.70","NZD","1763483524","335271/2025-12-13/1763483524.json"
"2018323","2025904","2025-12-10","66.00","NZD","1763483524","335271/2025-12-10/1763483524.json"
"2018323","2025954","2025-12-10","62.70","NZD","1763483524","335271/2025-12-10/1763483524.json"
"2018326","2025907","2025-12-10","71.00","NZD","1763483524","335271/2025-12-10/1763483524.json"
"2018326","2025952","2025-12-10","67.45","NZD","1763483524","335271/2025-12-10/1763483524.json"
"2018325","2025906","2025-12-10","71.00","NZD","1763483524","335271/2025-12-10/1763483524.json"
"2018325","2025953","2025-12-10","67.45","NZD","1763483524","335271/2025-12-10/1763483524.json"
"2018320","2025901","2025-12-10","76.00","NZD","1763483524","335271/2025-12-10/1763483524.json"
"2018320","2025950","2025-12-10","72.20","NZD","1763483524","335271/2025-12-10/1763483524.json"
"2018321","2025902","2025-12-10","81.00","NZD","1763483524","335271/2025-12-10/1763483524.json"
"2018321","2025949","2025-12-10","76.95","NZD","1763483524","335271/2025-12-10/1763483524.json"
"2018327","2025908","2025-12-10","81.00","NZD","1763483524","335271/2025-12-10/1763483524.json"
"2018327","2025951","2025-12-10","76.95","NZD","1763483524","335271/2025-12-10/1763483524.json"
"2018317","2025898","2025-12-10","81.00","NZD","1763483524","335271/2025-12-10/1763483524.json"
"2018317","2025944","2025-12-10","76.95","NZD","1763483524","335271/2025-12-10/1763483524.json"
"2018322","2025903","2025-12-10","81.00","NZD","1763483524","335271/2025-12-10/1763483524.json"
"2018322","2025948","2025-12-10","76.95","NZD","1763483524","335271/2025-12-10/1763483524.json"
"2018318","2025899","2025-12-10","86.00","NZD","1763483524","335271/2025-12-10/1763483524.json"
"2018318","2025943","2025-12-10","81.70","NZD","1763483524","335271/2025-12-10/1763483524.json"
"2018319","2025900","2025-12-10","86.00","NZD","1763483524","335271/2025-12-10/1763483524.json"
"2018319","2025945","2025-12-10","81.70","NZD","1763483524","335271/2025-12-10/1763483524.json"
"2018323","2025904","2025-12-14","66.00","NZD","1763483524","335271/2025-12-14/1763483524.json"
"2018323","2025954","2025-12-14","62.70","NZD","1763483524","335271/2025-12-14/1763483524.json"
"2018326","2025907","2025-12-14","71.00","NZD","1763483524","335271/2025-12-14/1763483524.json"
"2018326","2025952","2025-12-14","67.45","NZD","1763483524","335271/2025-12-14/1763483524.json"
"2018325","2025906","2025-12-14","71.00","NZD","1763483524","335271/2025-12-14/1763483524.json"
"2018325","2025953","2025-12-14","67.45","NZD","1763483524","335271/2025-12-14/1763483524.json"
"2018320","2025901","2025-12-14","76.00","NZD","1763483524","335271/2025-12-14/1763483524.json"
"2018320","2025950","2025-12-14","72.20","NZD","1763483524","335271/2025-12-14/1763483524.json"
"2018321","2025902","2025-12-14","81.00","NZD","1763483524","335271/2025-12-14/1763483524.json"
"2018321","2025949","2025-12-14","76.95","NZD","1763483524","335271/2025-12-14/1763483524.json"
"2018327","2025908","2025-12-14","81.00","NZD","1763483524","335271/2025-12-14/1763483524.json"
"2018327","2025951","2025-12-14","76.95","NZD","1763483524","335271/2025-12-14/1763483524.json"
"2018317","2025898","2025-12-14","81.00","NZD","1763483524","335271/2025-12-14/1763483524.json"
"2018317","2025944","2025-12-14","76.95","NZD","1763483524","335271/2025-12-14/1763483524.json"
"2018322","2025903","2025-12-14","81.00","NZD","1763483524","335271/2025-12-14/1763483524.json"
"2018322","2025948","2025-12-14","76.95","NZD","1763483524","335271/2025-12-14/1763483524.json"
"2018318","2025899","2025-12-14","86.00","NZD","1763483524","335271/2025-12-14/1763483524.json"
"2018318","2025943","2025-12-14","81.70","NZD","1763483524","335271/2025-12-14/1763483524.json"
"2018319","2025900","2025-12-14","86.00","NZD","1763483524","335271/2025-12-14/1763483524.json"
"2018319","2025945","2025-12-14","81.70","NZD","1763483524","335271/2025-12-14/1763483524.json"
"2018323","2025904","2025-12-15","66.00","NZD","1763483524","335271/2025-12-15/1763483524.json"
"2018323","2025954","2025-12-15","62.70","NZD","1763483524","335271/2025-12-15/1763483524.json"
"2018326","2025907","2025-12-15","71.00","NZD","1763483524","335271/2025-12-15/1763483524.json"
"2018326","2025952","2025-12-15","67.45","NZD","1763483524","335271/2025-12-15/1763483524.json"
"2018325","2025906","2025-12-15","71.00","NZD","1763483524","335271/2025-12-15/1763483524.json"
"2018325","2025953","2025-12-15","67.45","NZD","1763483524","335271/2025-12-15/1763483524.json"
"2018320","2025901","2025-12-15","76.00","NZD","1763483524","335271/2025-12-15/1763483524.json"
"2018320","2025950","2025-12-15","72.20","NZD","1763483524","335271/2025-12-15/1763483524.json"
"2018321","2025902","2025-12-15","81.00","NZD","1763483524","335271/2025-12-15/1763483524.json"
"2018321","2025949","2025-12-15","76.95","NZD","1763483524","335271/2025-12-15/1763483524.json"
"2018327","2025908","2025-12-15","81.00","NZD","1763483524","335271/2025-12-15/1763483524.json"
"2018327","2025951","2025-12-15","76.95","NZD","1763483524","335271/2025-12-15/1763483524.json"
"2018317","2025898","2025-12-15","81.00","NZD","1763483524","335271/2025-12-15/1763483524.json"
"2018317","2025944","2025-12-15","76.95","NZD","1763483524","335271/2025-12-15/1763483524.json"
"2018322","2025903","2025-12-15","81.00","NZD","1763483524","335271/2025-12-15/1763483524.json"
"2018322","2025948","2025-12-15","76.95","NZD","1763483524","335271/2025-12-15/1763483524.json"
"2018318","2025899","2025-12-15","86.00","NZD","1763483524","335271/2025-12-15/1763483524.json"
"2018318","2025943","2025-12-15","81.70","NZD","1763483524","335271/2025-12-15/1763483524.json"
"2018319","2025900","2025-12-15","86.00","NZD","1763483524","335271/2025-12-15/1763483524.json"
"2018319","2025945","2025-12-15","81.70","NZD","1763483524","335271/2025-12-15/1763483524.json"
"2018323","2025904","2025-12-12","66.00","NZD","1763483524","335271/2025-12-12/1763483524.json"
"2018323","2025954","2025-12-12","62.70","NZD","1763483524","335271/2025-12-12/1763483524.json"
"2018326","2025907","2025-12-12","71.00","NZD","1763483524","335271/2025-12-12/1763483524.json"
"2018326","2025952","2025-12-12","67.45","NZD","1763483524","335271/2025-12-12/1763483524.json"
"2018325","2025906","2025-12-12","71.00","NZD","1763483524","335271/2025-12-12/1763483524.json"
"2018325","2025953","2025-12-12","67.45","NZD","1763483524","335271/2025-12-12/1763483524.json"
"2018320","2025901","2025-12-12","76.00","NZD","1763483524","335271/2025-12-12/1763483524.json"
"2018320","2025950","2025-12-12","72.20","NZD","1763483524","335271/2025-12-12/1763483524.json"
"2018322","2025903","2025-12-12","81.00","NZD","1763483524","335271/2025-12-12/1763483524.json"
"2018322","2025948","2025-12-12","76.95","NZD","1763483524","335271/2025-12-12/1763483524.json"
"2018327","2025908","2025-12-12","81.00","NZD","1763483524","335271/2025-12-12/1763483524.json"
"2018327","2025951","2025-12-12","76.95","NZD","1763483524","335271/2025-12-12/1763483524.json"
"2018317","2025898","2025-12-12","81.00","NZD","1763483524","335271/2025-12-12/1763483524.json"
"2018317","2025944","2025-12-12","76.95","NZD","1763483524","335271/2025-12-12/1763483524.json"
"2018321","2025902","2025-12-12","81.00","NZD","1763483524","335271/2025-12-12/1763483524.json"
"2018321","2025949","2025-12-12","76.95","NZD","1763483524","335271/2025-12-12/1763483524.json"
"2018318","2025899","2025-12-12","86.00","NZD","1763483524","335271/2025-12-12/1763483524.json"
"2018318","2025943","2025-12-12","81.70","NZD","1763483524","335271/2025-12-12/1763483524.json"
"2018319","2025900","2025-12-12","86.00","NZD","1763483524","335271/2025-12-12/1763483524.json"
"2018319","2025945","2025-12-12","81.70","NZD","1763483524","335271/2025-12-12/1763483524.json"
"2018323","2025904","2025-12-16","66.00","NZD","1763483524","335271/2025-12-16/1763483524.json"
"2018323","2025954","2025-12-16","62.70","NZD","1763483524","335271/2025-12-16/1763483524.json"
"2018326","2025907","2025-12-16","71.00","NZD","1763483524","335271/2025-12-16/1763483524.json"
"2018326","2025952","2025-12-16","67.45","NZD","1763483524","335271/2025-12-16/1763483524.json"
"2018325","2025906","2025-12-16","71.00","NZD","1763483524","335271/2025-12-16/1763483524.json"
"2018325","2025953","2025-12-16","67.45","NZD","1763483524","335271/2025-12-16/1763483524.json"
"2018320","2025901","2025-12-16","76.00","NZD","1763483524","335271/2025-12-16/1763483524.json"
"2018320","2025950","2025-12-16","72.20","NZD","1763483524","335271/2025-12-16/1763483524.json"
"2018321","2025902","2025-12-16","81.00","NZD","1763483524","335271/2025-12-16/1763483524.json"
"2018321","2025949","2025-12-16","76.95","NZD","1763483524","335271/2025-12-16/1763483524.json"
"2018327","2025908","2025-12-16","81.00","NZD","1763483524","335271/2025-12-16/1763483524.json"
"2018327","2025951","2025-12-16","76.95","NZD","1763483524","335271/2025-12-16/1763483524.json"
"2018317","2025898","2025-12-16","81.00","NZD","1763483524","335271/2025-12-16/1763483524.json"
"2018317","2025944","2025-12-16","76.95","NZD","1763483524","335271/2025-12-16/1763483524.json"
"2018322","2025903","2025-12-16","81.00","NZD","1763483524","335271/2025-12-16/1763483524.json"
"2018322","2025948","2025-12-16","76.95","NZD","1763483524","335271/2025-12-16/1763483524.json"
"2018318","2025899","2025-12-16","86.00","NZD","1763483524","335271/2025-12-16/1763483524.json"
"2018318","2025943","2025-12-16","81.70","NZD","1763483524","335271/2025-12-16/1763483524.json"
"2018319","2025900","2025-12-16","86.00","NZD","1763483524","335271/2025-12-16/1763483524.json"
"2018319","2025945","2025-12-16","81.70","NZD","1763483524","335271/2025-12-16/1763483524.json"
"2018323","2025904","2025-12-19","66.00","NZD","1763483524","335271/2025-12-19/1763483524.json"
"2018323","2025954","2025-12-19","62.70","NZD","1763483524","335271/2025-12-19/1763483524.json"
"2018326","2025907","2025-12-19","71.00","NZD","1763483524","335271/2025-12-19/1763483524.json"
"2018326","2025952","2025-12-19","67.45","NZD","1763483524","335271/2025-12-19/1763483524.json"
"2018325","2025906","2025-12-19","71.00","NZD","1763483524","335271/2025-12-19/1763483524.json"
"2018325","2025953","2025-12-19","67.45","NZD","1763483524","335271/2025-12-19/1763483524.json"
"2018320","2025901","2025-12-19","76.00","NZD","1763483524","335271/2025-12-19/1763483524.json"
"2018320","2025950","2025-12-19","72.20","NZD","1763483524","335271/2025-12-19/1763483524.json"
"2018321","2025902","2025-12-19","81.00","NZD","1763483524","335271/2025-12-19/1763483524.json"
"2018321","2025949","2025-12-19","76.95","NZD","1763483524","335271/2025-12-19/1763483524.json"
"2018327","2025908","2025-12-19","81.00","NZD","1763483524","335271/2025-12-19/1763483524.json"
"2018327","2025951","2025-12-19","76.95","NZD","1763483524","335271/2025-12-19/1763483524.json"
"2018317","2025898","2025-12-19","81.00","NZD","1763483524","335271/2025-12-19/1763483524.json"
"2018317","2025944","2025-12-19","76.95","NZD","1763483524","335271/2025-12-19/1763483524.json"
"2018322","2025903","2025-12-19","81.00","NZD","1763483524","335271/2025-12-19/1763483524.json"
"2018322","2025948","2025-12-19","76.95","NZD","1763483524","335271/2025-12-19/1763483524.json"
"2018318","2025899","2025-12-19","86.00","NZD","1763483524","335271/2025-12-19/1763483524.json"
"2018318","2025943","2025-12-19","81.70","NZD","1763483524","335271/2025-12-19/1763483524.json"
"2018319","2025900","2025-12-19","86.00","NZD","1763483524","335271/2025-12-19/1763483524.json"
"2018319","2025945","2025-12-19","81.70","NZD","1763483524","335271/2025-12-19/1763483524.json"
"2018323","2025904","2025-12-18","66.00","NZD","1763483524","335271/2025-12-18/1763483524.json"
"2018323","2025954","2025-12-18","62.70","NZD","1763483524","335271/2025-12-18/1763483524.json"
"2018326","2025907","2025-12-18","71.00","NZD","1763483524","335271/2025-12-18/1763483524.json"
"2018326","2025952","2025-12-18","67.45","NZD","1763483524","335271/2025-12-18/1763483524.json"
"2018325","2025906","2025-12-18","71.00","NZD","1763483524","335271/2025-12-18/1763483524.json"
"2018325","2025953","2025-12-18","67.45","NZD","1763483524","335271/2025-12-18/1763483524.json"
"2018320","2025901","2025-12-18","76.00","NZD","1763483524","335271/2025-12-18/1763483524.json"
"2018320","2025950","2025-12-18","72.20","NZD","1763483524","335271/2025-12-18/1763483524.json"
"2018321","2025902","2025-12-18","81.00","NZD","1763483524","335271/2025-12-18/1763483524.json"
"2018321","2025949","2025-12-18","76.95","NZD","1763483524","335271/2025-12-18/1763483524.json"
"2018327","2025908","2025-12-18","81.00","NZD","1763483524","335271/2025-12-18/1763483524.json"
"2018327","2025951","2025-12-18","76.95","NZD","1763483524","335271/2025-12-18/1763483524.json"
"2018317","2025898","2025-12-18","81.00","NZD","1763483524","335271/2025-12-18/1763483524.json"
"2018317","2025944","2025-12-18","76.95","NZD","1763483524","335271/2025-12-18/1763483524.json"
"2018322","2025903","2025-12-18","81.00","NZD","1763483524","335271/2025-12-18/1763483524.json"
"2018322","2025948","2025-12-18","76.95","NZD","1763483524","335271/2025-12-18/1763483524.json"
"2018318","2025899","2025-12-18","86.00","NZD","1763483524","335271/2025-12-18/1763483524.json"
"2018318","2025943","2025-12-18","81.70","NZD","1763483524","335271/2025-12-18/1763483524.json"
"2018319","2025900","2025-12-18","86.00","NZD","1763483524","335271/2025-12-18/1763483524.json"
"2018319","2025945","2025-12-18","81.70","NZD","1763483524","335271/2025-12-18/1763483524.json"
"2018323","2025904","2025-12-17","66.00","NZD","1763483524","335271/2025-12-17/1763483524.json"
"2018323","2025954","2025-12-17","62.70","NZD","1763483524","335271/2025-12-17/1763483524.json"
"2018326","2025907","2025-12-17","71.00","NZD","1763483524","335271/2025-12-17/1763483524.json"
"2018326","2025952","2025-12-17","67.45","NZD","1763483524","335271/2025-12-17/1763483524.json"
"2018325","2025906","2025-12-17","71.00","NZD","1763483524","335271/2025-12-17/1763483524.json"
"2018325","2025953","2025-12-17","67.45","NZD","1763483524","335271/2025-12-17/1763483524.json"
"2018320","2025901","2025-12-17","76.00","NZD","1763483524","335271/2025-12-17/1763483524.json"
"2018320","2025950","2025-12-17","72.20","NZD","1763483524","335271/2025-12-17/1763483524.json"
"2018321","2025902","2025-12-17","81.00","NZD","1763483524","335271/2025-12-17/1763483524.json"
"2018321","2025949","2025-12-17","76.95","NZD","1763483524","335271/2025-12-17/1763483524.json"
"2018327","2025908","2025-12-17","81.00","NZD","1763483524","335271/2025-12-17/1763483524.json"
"2018327","2025951","2025-12-17","76.95","NZD","1763483524","335271/2025-12-17/1763483524.json"
"2018317","2025898","2025-12-17","81.00","NZD","1763483524","335271/2025-12-17/1763483524.json"
"2018317","2025944","2025-12-17","76.95","NZD","1763483524","335271/2025-12-17/1763483524.json"
"2018322","2025903","2025-12-17","81.00","NZD","1763483524","335271/2025-12-17/1763483524.json"
"2018322","2025948","2025-12-17","76.95","NZD","1763483524","335271/2025-12-17/1763483524.json"
"2018318","2025899","2025-12-17","86.00","NZD","1763483524","335271/2025-12-17/1763483524.json"
"2018318","2025943","2025-12-17","81.70","NZD","1763483524","335271/2025-12-17/1763483524.json"
"2018319","2025900","2025-12-17","86.00","NZD","1763483524","335271/2025-12-17/1763483524.json"
"2018319","2025945","2025-12-17","81.70","NZD","1763483524","335271/2025-12-17/1763483524.json"
"2018323","2025904","2025-12-20","66.00","NZD","1763483524","335271/2025-12-20/1763483524.json"
"2018323","2025954","2025-12-20","62.70","NZD","1763483524","335271/2025-12-20/1763483524.json"
"2018326","2025907","2025-12-20","71.00","NZD","1763483524","335271/2025-12-20/1763483524.json"
"2018326","2025952","2025-12-20","67.45","NZD","1763483524","335271/2025-12-20/1763483524.json"
"2018325","2025906","2025-12-20","71.00","NZD","1763483524","335271/2025-12-20/1763483524.json"
"2018325","2025953","2025-12-20","67.45","NZD","1763483524","335271/2025-12-20/1763483524.json"
"2018320","2025901","2025-12-20","76.00","NZD","1763483524","335271/2025-12-20/1763483524.json"
"2018320","2025950","2025-12-20","72.20","NZD","1763483524","335271/2025-12-20/1763483524.json"
"2018321","2025902","2025-12-20","81.00","NZD","1763483524","335271/2025-12-20/1763483524.json"
"2018321","2025949","2025-12-20","76.95","NZD","1763483524","335271/2025-12-20/1763483524.json"
"2018327","2025908","2025-12-20","81.00","NZD","1763483524","335271/2025-12-20/1763483524.json"
"2018327","2025951","2025-12-20","76.95","NZD","1763483524","335271/2025-12-20/1763483524.json"
"2018317","2025898","2025-12-20","81.00","NZD","1763483524","335271/2025-12-20/1763483524.json"
"2018317","2025944","2025-12-20","76.95","NZD","1763483524","335271/2025-12-20/1763483524.json"
"2018322","2025903","2025-12-20","81.00","NZD","1763483524","335271/2025-12-20/1763483524.json"
"2018322","2025948","2025-12-20","76.95","NZD","1763483524","335271/2025-12-20/1763483524.json"
"2018318","2025899","2025-12-20","86.00","NZD","1763483524","335271/2025-12-20/1763483524.json"
"2018318","2025943","2025-12-20","81.70","NZD","1763483524","335271/2025-12-20/1763483524.json"
"2018319","2025900","2025-12-20","86.00","NZD","1763483524","335271/2025-12-20/1763483524.json"
"2018319","2025945","2025-12-20","81.70","NZD","1763483524","335271/2025-12-20/1763483524.json"
"2018323","2025904","2025-12-21","66.00","NZD","1763483524","335271/2025-12-21/1763483524.json"
"2018323","2025954","2025-12-21","62.70","NZD","1763483524","335271/2025-12-21/1763483524.json"
"2018326","2025907","2025-12-21","71.00","NZD","1763483524","335271/2025-12-21/1763483524.json"
"2018326","2025952","2025-12-21","67.45","NZD","1763483524","335271/2025-12-21/1763483524.json"
"2018325","2025906","2025-12-21","71.00","NZD","1763483524","335271/2025-12-21/1763483524.json"
"2018325","2025953","2025-12-21","67.45","NZD","1763483524","335271/2025-12-21/1763483524.json"
"2018320","2025901","2025-12-21","76.00","NZD","1763483524","335271/2025-12-21/1763483524.json"
"2018320","2025950","2025-12-21","72.20","NZD","1763483524","335271/2025-12-21/1763483524.json"
"2018321","2025902","2025-12-21","81.00","NZD","1763483524","335271/2025-12-21/1763483524.json"
"2018321","2025949","2025-12-21","76.95","NZD","1763483524","335271/2025-12-21/1763483524.json"
"2018327","2025908","2025-12-21","81.00","NZD","1763483524","335271/2025-12-21/1763483524.json"
"2018327","2025951","2025-12-21","76.95","NZD","1763483524","335271/2025-12-21/1763483524.json"
"2018317","2025898","2025-12-21","81.00","NZD","1763483524","335271/2025-12-21/1763483524.json"
"2018317","2025944","2025-12-21","76.95","NZD","1763483524","335271/2025-12-21/1763483524.json"
"2018322","2025903","2025-12-21","81.00","NZD","1763483524","335271/2025-12-21/1763483524.json"
"2018322","2025948","2025-12-21","76.95","NZD","1763483524","335271/2025-12-21/1763483524.json"
"2018318","2025899","2025-12-21","86.00","NZD","1763483524","335271/2025-12-21/1763483524.json"
"2018318","2025943","2025-12-21","81.70","NZD","1763483524","335271/2025-12-21/1763483524.json"
"2018319","2025900","2025-12-21","86.00","NZD","1763483524","335271/2025-12-21/1763483524.json"
"2018319","2025945","2025-12-21","81.70","NZD","1763483524","335271/2025-12-21/1763483524.json"
"2018323","2025904","2025-12-22","66.00","NZD","1763483524","335271/2025-12-22/1763483524.json"
"2018323","2025954","2025-12-22","62.70","NZD","1763483524","335271/2025-12-22/1763483524.json"
"2018326","2025907","2025-12-22","71.00","NZD","1763483524","335271/2025-12-22/1763483524.json"
"2018326","2025952","2025-12-22","67.45","NZD","1763483524","335271/2025-12-22/1763483524.json"
"2018325","2025906","2025-12-22","71.00","NZD","1763483524","335271/2025-12-22/1763483524.json"
"2018325","2025953","2025-12-22","67.45","NZD","1763483524","335271/2025-12-22/1763483524.json"
"2018320","2025901","2025-12-22","76.00","NZD","1763483524","335271/2025-12-22/1763483524.json"
"2018320","2025950","2025-12-22","72.20","NZD","1763483524","335271/2025-12-22/1763483524.json"
"2018321","2025902","2025-12-22","81.00","NZD","1763483524","335271/2025-12-22/1763483524.json"
"2018321","2025949","2025-12-22","76.95","NZD","1763483524","335271/2025-12-22/1763483524.json"
"2018327","2025908","2025-12-22","81.00","NZD","1763483524","335271/2025-12-22/1763483524.json"
"2018327","2025951","2025-12-22","76.95","NZD","1763483524","335271/2025-12-22/1763483524.json"
"2018317","2025898","2025-12-22","81.00","NZD","1763483524","335271/2025-12-22/1763483524.json"
"2018317","2025944","2025-12-22","76.95","NZD","1763483524","335271/2025-12-22/1763483524.json"
"2018322","2025903","2025-12-22","81.00","NZD","1763483524","335271/2025-12-22/1763483524.json"
"2018322","2025948","2025-12-22","76.95","NZD","1763483524","335271/2025-12-22/1763483524.json"
"2018318","2025899","2025-12-22","86.00","NZD","1763483524","335271/2025-12-22/1763483524.json"
"2018318","2025943","2025-12-22","81.70","NZD","1763483524","335271/2025-12-22/1763483524.json"
"2018319","2025900","2025-12-22","86.00","NZD","1763483524","335271/2025-12-22/1763483524.json"
"2018319","2025945","2025-12-22","81.70","NZD","1763483524","335271/2025-12-22/1763483524.json"
"2018323","2025904","2025-12-24","66.00","NZD","1763483524","335271/2025-12-24/1763483524.json"
"2018323","2025954","2025-12-24","62.70","NZD","1763483524","335271/2025-12-24/1763483524.json"
"2018326","2025907","2025-12-24","71.00","NZD","1763483524","335271/2025-12-24/1763483524.json"
"2018326","2025952","2025-12-24","67.45","NZD","1763483524","335271/2025-12-24/1763483524.json"
"2018325","2025906","2025-12-24","71.00","NZD","1763483524","335271/2025-12-24/1763483524.json"
"2018325","2025953","2025-12-24","67.45","NZD","1763483524","335271/2025-12-24/1763483524.json"
"2018320","2025901","2025-12-24","76.00","NZD","1763483524","335271/2025-12-24/1763483524.json"
"2018320","2025950","2025-12-24","72.20","NZD","1763483524","335271/2025-12-24/1763483524.json"
"2018321","2025902","2025-12-24","81.00","NZD","1763483524","335271/2025-12-24/1763483524.json"
"2018321","2025949","2025-12-24","76.95","NZD","1763483524","335271/2025-12-24/1763483524.json"
"2018327","2025908","2025-12-24","81.00","NZD","1763483524","335271/2025-12-24/1763483524.json"
"2018327","2025951","2025-12-24","76.95","NZD","1763483524","335271/2025-12-24/1763483524.json"
"2018317","2025898","2025-12-24","81.00","NZD","1763483524","335271/2025-12-24/1763483524.json"
"2018317","2025944","2025-12-24","76.95","NZD","1763483524","335271/2025-12-24/1763483524.json"
"2018322","2025903","2025-12-24","81.00","NZD","1763483524","335271/2025-12-24/1763483524.json"
"2018322","2025948","2025-12-24","76.95","NZD","1763483524","335271/2025-12-24/1763483524.json"
"2018318","2025899","2025-12-24","86.00","NZD","1763483524","335271/2025-12-24/1763483524.json"
"2018318","2025943","2025-12-24","81.70","NZD","1763483524","335271/2025-12-24/1763483524.json"
"2018319","2025900","2025-12-24","86.00","NZD","1763483524","335271/2025-12-24/1763483524.json"
"2018319","2025945","2025-12-24","81.70","NZD","1763483524","335271/2025-12-24/1763483524.json"
"2018323","2025904","2025-12-23","66.00","NZD","1763483524","335271/2025-12-23/1763483524.json"
"2018323","2025954","2025-12-23","62.70","NZD","1763483524","335271/2025-12-23/1763483524.json"
"2018326","2025907","2025-12-23","71.00","NZD","1763483524","335271/2025-12-23/1763483524.json"
"2018326","2025952","2025-12-23","67.45","NZD","1763483524","335271/2025-12-23/1763483524.json"
"2018325","2025906","2025-12-23","71.00","NZD","1763483524","335271/2025-12-23/1763483524.json"
"2018325","2025953","2025-12-23","67.45","NZD","1763483524","335271/2025-12-23/1763483524.json"
"2018320","2025901","2025-12-23","76.00","NZD","1763483524","335271/2025-12-23/1763483524.json"
"2018320","2025950","2025-12-23","72.20","NZD","1763483524","335271/2025-12-23/1763483524.json"
"2018321","2025902","2025-12-23","81.00","NZD","1763483524","335271/2025-12-23/1763483524.json"
"2018321","2025949","2025-12-23","76.95","NZD","1763483524","335271/2025-12-23/1763483524.json"
"2018327","2025908","2025-12-23","81.00","NZD","1763483524","335271/2025-12-23/1763483524.json"
"2018327","2025951","2025-12-23","76.95","NZD","1763483524","335271/2025-12-23/1763483524.json"
"2018317","2025898","2025-12-23","81.00","NZD","1763483524","335271/2025-12-23/1763483524.json"
"2018317","2025944","2025-12-23","76.95","NZD","1763483524","335271/2025-12-23/1763483524.json"
"2018322","2025903","2025-12-23","81.00","NZD","1763483524","335271/2025-12-23/1763483524.json"
"2018322","2025948","2025-12-23","76.95","NZD","1763483524","335271/2025-12-23/1763483524.json"
"2018318","2025899","2025-12-23","86.00","NZD","1763483524","335271/2025-12-23/1763483524.json"
"2018318","2025943","2025-12-23","81.70","NZD","1763483524","335271/2025-12-23/1763483524.json"
"2018319","2025900","2025-12-23","86.00","NZD","1763483524","335271/2025-12-23/1763483524.json"
"2018319","2025945","2025-12-23","81.70","NZD","1763483524","335271/2025-12-23/1763483524.json"
"2018323","2025904","2025-12-25","66.00","NZD","1763483524","335271/2025-12-25/1763483524.json"
"2018323","2025954","2025-12-25","62.70","NZD","1763483524","335271/2025-12-25/1763483524.json"
"2018326","2025907","2025-12-25","71.00","NZD","1763483524","335271/2025-12-25/1763483524.json"
"2018326","2025952","2025-12-25","67.45","NZD","1763483524","335271/2025-12-25/1763483524.json"
"2018325","2025906","2025-12-25","71.00","NZD","1763483524","335271/2025-12-25/1763483524.json"
"2018325","2025953","2025-12-25","67.45","NZD","1763483524","335271/2025-12-25/1763483524.json"
"2018320","2025901","2025-12-25","76.00","NZD","1763483524","335271/2025-12-25/1763483524.json"
"2018320","2025950","2025-12-25","72.20","NZD","1763483524","335271/2025-12-25/1763483524.json"
"2018321","2025902","2025-12-25","81.00","NZD","1763483524","335271/2025-12-25/1763483524.json"
"2018321","2025949","2025-12-25","76.95","NZD","1763483524","335271/2025-12-25/1763483524.json"
"2018327","2025908","2025-12-25","81.00","NZD","1763483524","335271/2025-12-25/1763483524.json"
"2018327","2025951","2025-12-25","76.95","NZD","1763483524","335271/2025-12-25/1763483524.json"
"2018317","2025898","2025-12-25","81.00","NZD","1763483524","335271/2025-12-25/1763483524.json"
"2018317","2025944","2025-12-25","76.95","NZD","1763483524","335271/2025-12-25/1763483524.json"
"2018322","2025903","2025-12-25","81.00","NZD","1763483524","335271/2025-12-25/1763483524.json"
"2018322","2025948","2025-12-25","76.95","NZD","1763483524","335271/2025-12-25/1763483524.json"
"2018318","2025899","2025-12-25","86.00","NZD","1763483524","335271/2025-12-25/1763483524.json"
"2018318","2025943","2025-12-25","81.70","NZD","1763483524","335271/2025-12-25/1763483524.json"
"2018319","2025900","2025-12-25","86.00","NZD","1763483524","335271/2025-12-25/1763483524.json"
"2018319","2025945","2025-12-25","81.70","NZD","1763483524","335271/2025-12-25/1763483524.json"
"2018323","2025904","2025-12-28","66.00","NZD","1763483524","335271/2025-12-28/1763483524.json"
"2018323","2025954","2025-12-28","62.70","NZD","1763483524","335271/2025-12-28/1763483524.json"
"2018326","2025907","2025-12-28","71.00","NZD","1763483524","335271/2025-12-28/1763483524.json"
"2018326","2025952","2025-12-28","67.45","NZD","1763483524","335271/2025-12-28/1763483524.json"
"2018325","2025906","2025-12-28","71.00","NZD","1763483524","335271/2025-12-28/1763483524.json"
"2018325","2025953","2025-12-28","67.45","NZD","1763483524","335271/2025-12-28/1763483524.json"
"2018320","2025901","2025-12-28","76.00","NZD","1763483524","335271/2025-12-28/1763483524.json"
"2018320","2025950","2025-12-28","72.20","NZD","1763483524","335271/2025-12-28/1763483524.json"
"2018321","2025902","2025-12-28","81.00","NZD","1763483524","335271/2025-12-28/1763483524.json"
"2018321","2025949","2025-12-28","76.95","NZD","1763483524","335271/2025-12-28/1763483524.json"
"2018327","2025908","2025-12-28","81.00","NZD","1763483524","335271/2025-12-28/1763483524.json"
"2018327","2025951","2025-12-28","76.95","NZD","1763483524","335271/2025-12-28/1763483524.json"
"2018317","2025898","2025-12-28","81.00","NZD","1763483524","335271/2025-12-28/1763483524.json"
"2018317","2025944","2025-12-28","76.95","NZD","1763483524","335271/2025-12-28/1763483524.json"
"2018322","2025903","2025-12-28","81.00","NZD","1763483524","335271/2025-12-28/1763483524.json"
"2018322","2025948","2025-12-28","76.95","NZD","1763483524","335271/2025-12-28/1763483524.json"
"2018318","2025899","2025-12-28","86.00","NZD","1763483524","335271/2025-12-28/1763483524.json"
"2018318","2025943","2025-12-28","81.70","NZD","1763483524","335271/2025-12-28/1763483524.json"
"2018319","2025900","2025-12-28","86.00","NZD","1763483524","335271/2025-12-28/1763483524.json"
"2018319","2025945","2025-12-28","81.70","NZD","1763483524","335271/2025-12-28/1763483524.json"
"2018323","2025904","2025-12-29","66.00","NZD","1763483524","335271/2025-12-29/1763483524.json"
"2018323","2025954","2025-12-29","62.70","NZD","1763483524","335271/2025-12-29/1763483524.json"
"2018326","2025907","2025-12-29","71.00","NZD","1763483524","335271/2025-12-29/1763483524.json"
"2018326","2025952","2025-12-29","67.45","NZD","1763483524","335271/2025-12-29/1763483524.json"
"2018325","2025906","2025-12-29","71.00","NZD","1763483524","335271/2025-12-29/1763483524.json"
"2018325","2025953","2025-12-29","67.45","NZD","1763483524","335271/2025-12-29/1763483524.json"
"2018320","2025901","2025-12-29","76.00","NZD","1763483524","335271/2025-12-29/1763483524.json"
"2018320","2025950","2025-12-29","72.20","NZD","1763483524","335271/2025-12-29/1763483524.json"
"2018321","2025902","2025-12-29","81.00","NZD","1763483524","335271/2025-12-29/1763483524.json"
"2018321","2025949","2025-12-29","76.95","NZD","1763483524","335271/2025-12-29/1763483524.json"
"2018327","2025908","2025-12-29","81.00","NZD","1763483524","335271/2025-12-29/1763483524.json"
"2018327","2025951","2025-12-29","76.95","NZD","1763483524","335271/2025-12-29/1763483524.json"
"2018317","2025898","2025-12-29","81.00","NZD","1763483524","335271/2025-12-29/1763483524.json"
"2018317","2025944","2025-12-29","76.95","NZD","1763483524","335271/2025-12-29/1763483524.json"
"2018322","2025903","2025-12-29","81.00","NZD","1763483524","335271/2025-12-29/1763483524.json"
"2018322","2025948","2025-12-29","76.95","NZD","1763483524","335271/2025-12-29/1763483524.json"
"2018318","2025899","2025-12-29","86.00","NZD","1763483524","335271/2025-12-29/1763483524.json"
"2018318","2025943","2025-12-29","81.70","NZD","1763483524","335271/2025-12-29/1763483524.json"
"2018319","2025900","2025-12-29","86.00","NZD","1763483524","335271/2025-12-29/1763483524.json"
"2018319","2025945","2025-12-29","81.70","NZD","1763483524","335271/2025-12-29/1763483524.json"
"2018323","2025904","2025-12-26","66.00","NZD","1763483524","335271/2025-12-26/1763483524.json"
"2018323","2025954","2025-12-26","62.70","NZD","1763483524","335271/2025-12-26/1763483524.json"
"2018326","2025907","2025-12-26","71.00","NZD","1763483524","335271/2025-12-26/1763483524.json"
"2018326","2025952","2025-12-26","67.45","NZD","1763483524","335271/2025-12-26/1763483524.json"
"2018325","2025906","2025-12-26","71.00","NZD","1763483524","335271/2025-12-26/1763483524.json"
"2018325","2025953","2025-12-26","67.45","NZD","1763483524","335271/2025-12-26/1763483524.json"
"2018320","2025901","2025-12-26","76.00","NZD","1763483524","335271/2025-12-26/1763483524.json"
"2018320","2025950","2025-12-26","72.20","NZD","1763483524","335271/2025-12-26/1763483524.json"
"2018321","2025902","2025-12-26","81.00","NZD","1763483524","335271/2025-12-26/1763483524.json"
"2018321","2025949","2025-12-26","76.95","NZD","1763483524","335271/2025-12-26/1763483524.json"
"2018327","2025908","2025-12-26","81.00","NZD","1763483524","335271/2025-12-26/1763483524.json"
"2018327","2025951","2025-12-26","76.95","NZD","1763483524","335271/2025-12-26/1763483524.json"
"2018317","2025898","2025-12-26","81.00","NZD","1763483524","335271/2025-12-26/1763483524.json"
"2018317","2025944","2025-12-26","76.95","NZD","1763483524","335271/2025-12-26/1763483524.json"
"2018322","2025903","2025-12-26","81.00","NZD","1763483524","335271/2025-12-26/1763483524.json"
"2018322","2025948","2025-12-26","76.95","NZD","1763483524","335271/2025-12-26/1763483524.json"
"2018318","2025899","2025-12-26","86.00","NZD","1763483524","335271/2025-12-26/1763483524.json"
"2018318","2025943","2025-12-26","81.70","NZD","1763483524","335271/2025-12-26/1763483524.json"
"2018319","2025900","2025-12-26","86.00","NZD","1763483524","335271/2025-12-26/1763483524.json"
"2018319","2025945","2025-12-26","81.70","NZD","1763483524","335271/2025-12-26/1763483524.json"
"2018323","2025904","2025-12-27","66.00","NZD","1763483524","335271/2025-12-27/1763483524.json"
"2018323","2025954","2025-12-27","62.70","NZD","1763483524","335271/2025-12-27/1763483524.json"
"2018326","2025907","2025-12-27","71.00","NZD","1763483524","335271/2025-12-27/1763483524.json"
"2018326","2025952","2025-12-27","67.45","NZD","1763483524","335271/2025-12-27/1763483524.json"
"2018325","2025906","2025-12-27","71.00","NZD","1763483524","335271/2025-12-27/1763483524.json"
"2018325","2025953","2025-12-27","67.45","NZD","1763483524","335271/2025-12-27/1763483524.json"
"2018320","2025901","2025-12-27","76.00","NZD","1763483524","335271/2025-12-27/1763483524.json"
"2018320","2025950","2025-12-27","72.20","NZD","1763483524","335271/2025-12-27/1763483524.json"
"2018321","2025902","2025-12-27","81.00","NZD","1763483524","335271/2025-12-27/1763483524.json"
"2018321","2025949","2025-12-27","76.95","NZD","1763483524","335271/2025-12-27/1763483524.json"
"2018327","2025908","2025-12-27","81.00","NZD","1763483524","335271/2025-12-27/1763483524.json"
"2018327","2025951","2025-12-27","76.95","NZD","1763483524","335271/2025-12-27/1763483524.json"
"2018317","2025898","2025-12-27","81.00","NZD","1763483524","335271/2025-12-27/1763483524.json"
"2018317","2025944","2025-12-27","76.95","NZD","1763483524","335271/2025-12-27/1763483524.json"
"2018322","2025903","2025-12-27","81.00","NZD","1763483524","335271/2025-12-27/1763483524.json"
"2018322","2025948","2025-12-27","76.95","NZD","1763483524","335271/2025-12-27/1763483524.json"
"2018318","2025899","2025-12-27","86.00","NZD","1763483524","335271/2025-12-27/1763483524.json"
"2018318","2025943","2025-12-27","81.70","NZD","1763483524","335271/2025-12-27/1763483524.json"
"2018319","2025900","2025-12-27","86.00","NZD","1763483524","335271/2025-12-27/1763483524.json"
"2018319","2025945","2025-12-27","81.70","NZD","1763483524","335271/2025-12-27/1763483524.json"
"2018323","2025904","2025-12-31","99.00","NZD","1763483524","335271/2025-12-31/1763483524.json"
"2018323","2025954","2025-12-31","94.05","NZD","1763483524","335271/2025-12-31/1763483524.json"
"2018326","2025907","2025-12-31","104.00","NZD","1763483524","335271/2025-12-31/1763483524.json"
"2018326","2025952","2025-12-31","98.80","NZD","1763483524","335271/2025-12-31/1763483524.json"
"2018325","2025906","2025-12-31","104.00","NZD","1763483524","335271/2025-12-31/1763483524.json"
"2018325","2025953","2025-12-31","98.80","NZD","1763483524","335271/2025-12-31/1763483524.json"
"2018320","2025901","2025-12-31","109.00","NZD","1763483524","335271/2025-12-31/1763483524.json"
"2018320","2025950","2025-12-31","103.55","NZD","1763483524","335271/2025-12-31/1763483524.json"
"2018327","2025908","2025-12-31","114.00","NZD","1763483524","335271/2025-12-31/1763483524.json"
"2018327","2025951","2025-12-31","108.30","NZD","1763483524","335271/2025-12-31/1763483524.json"
"2018317","2025898","2025-12-31","114.00","NZD","1763483524","335271/2025-12-31/1763483524.json"
"2018317","2025944","2025-12-31","108.30","NZD","1763483524","335271/2025-12-31/1763483524.json"
"2018322","2025903","2025-12-31","114.00","NZD","1763483524","335271/2025-12-31/1763483524.json"
"2018322","2025948","2025-12-31","108.30","NZD","1763483524","335271/2025-12-31/1763483524.json"
"2018321","2025902","2025-12-31","114.00","NZD","1763483524","335271/2025-12-31/1763483524.json"
"2018321","2025949","2025-12-31","108.30","NZD","1763483524","335271/2025-12-31/1763483524.json"
"2018318","2025899","2025-12-31","119.00","NZD","1763483524","335271/2025-12-31/1763483524.json"
"2018318","2025943","2025-12-31","113.05","NZD","1763483524","335271/2025-12-31/1763483524.json"
"2018319","2025900","2025-12-31","119.00","NZD","1763483524","335271/2025-12-31/1763483524.json"
"2018319","2025945","2025-12-31","113.05","NZD","1763483524","335271/2025-12-31/1763483524.json"
"2018323","2025904","2025-12-30","66.00","NZD","1763483524","335271/2025-12-30/1763483524.json"
"2018323","2025954","2025-12-30","62.70","NZD","1763483524","335271/2025-12-30/1763483524.json"
"2018326","2025907","2025-12-30","71.00","NZD","1763483524","335271/2025-12-30/1763483524.json"
"2018326","2025952","2025-12-30","67.45","NZD","1763483524","335271/2025-12-30/1763483524.json"
"2018325","2025906","2025-12-30","71.00","NZD","1763483524","335271/2025-12-30/1763483524.json"
"2018325","2025953","2025-12-30","67.45","NZD","1763483524","335271/2025-12-30/1763483524.json"
"2018320","2025901","2025-12-30","76.00","NZD","1763483524","335271/2025-12-30/1763483524.json"
"2018320","2025950","2025-12-30","72.20","NZD","1763483524","335271/2025-12-30/1763483524.json"
"2018321","2025902","2025-12-30","81.00","NZD","1763483524","335271/2025-12-30/1763483524.json"
"2018321","2025949","2025-12-30","76.95","NZD","1763483524","335271/2025-12-30/1763483524.json"
"2018327","2025908","2025-12-30","81.00","NZD","1763483524","335271/2025-12-30/1763483524.json"
"2018327","2025951","2025-12-30","76.95","NZD","1763483524","335271/2025-12-30/1763483524.json"
"2018317","2025898","2025-12-30","81.00","NZD","1763483524","335271/2025-12-30/1763483524.json"
"2018317","2025944","2025-12-30","76.95","NZD","1763483524","335271/2025-12-30/1763483524.json"
"2018322","2025903","2025-12-30","81.00","NZD","1763483524","335271/2025-12-30/1763483524.json"
"2018322","2025948","2025-12-30","76.95","NZD","1763483524","335271/2025-12-30/1763483524.json"
"2018318","2025899","2025-12-30","86.00","NZD","1763483524","335271/2025-12-30/1763483524.json"
"2018318","2025943","2025-12-30","81.70","NZD","1763483524","335271/2025-12-30/1763483524.json"
"2018319","2025900","2025-12-30","86.00","NZD","1763483524","335271/2025-12-30/1763483524.json"
"2018319","2025945","2025-12-30","81.70","NZD","1763483524","335271/2025-12-30/1763483524.json"
"2018323","2025904","2026-01-02","66.00","NZD","1763483524","335271/2026-01-02/1763483524.json"
"2018323","2025954","2026-01-02","62.70","NZD","1763483524","335271/2026-01-02/1763483524.json"
"2018326","2025907","2026-01-02","71.00","NZD","1763483524","335271/2026-01-02/1763483524.json"
"2018326","2025952","2026-01-02","67.45","NZD","1763483524","335271/2026-01-02/1763483524.json"
"2018325","2025906","2026-01-02","71.00","NZD","1763483524","335271/2026-01-02/1763483524.json"
"2018325","2025953","2026-01-02","67.45","NZD","1763483524","335271/2026-01-02/1763483524.json"
"2018320","2025901","2026-01-02","76.00","NZD","1763483524","335271/2026-01-02/1763483524.json"
"2018320","2025950","2026-01-02","72.20","NZD","1763483524","335271/2026-01-02/1763483524.json"
"2018327","2025908","2026-01-02","81.00","NZD","1763483524","335271/2026-01-02/1763483524.json"
"2018327","2025951","2026-01-02","76.95","NZD","1763483524","335271/2026-01-02/1763483524.json"
"2018317","2025898","2026-01-02","81.00","NZD","1763483524","335271/2026-01-02/1763483524.json"
"2018317","2025944","2026-01-02","76.95","NZD","1763483524","335271/2026-01-02/1763483524.json"
"2018322","2025903","2026-01-02","81.00","NZD","1763483524","335271/2026-01-02/1763483524.json"
"2018322","2025948","2026-01-02","76.95","NZD","1763483524","335271/2026-01-02/1763483524.json"
"2018321","2025902","2026-01-02","81.00","NZD","1763483524","335271/2026-01-02/1763483524.json"
"2018321","2025949","2026-01-02","76.95","NZD","1763483524","335271/2026-01-02/1763483524.json"
"2018318","2025899","2026-01-02","86.00","NZD","1763483524","335271/2026-01-02/1763483524.json"
"2018318","2025943","2026-01-02","81.70","NZD","1763483524","335271/2026-01-02/1763483524.json"
"2018319","2025900","2026-01-02","86.00","NZD","1763483524","335271/2026-01-02/1763483524.json"
"2018319","2025945","2026-01-02","81.70","NZD","1763483524","335271/2026-01-02/1763483524.json"
"2018323","2025904","2026-01-01","66.00","NZD","1763483524","335271/2026-01-01/1763483524.json"
"2018323","2025954","2026-01-01","62.70","NZD","1763483524","335271/2026-01-01/1763483524.json"
"2018326","2025907","2026-01-01","71.00","NZD","1763483524","335271/2026-01-01/1763483524.json"
"2018326","2025952","2026-01-01","67.45","NZD","1763483524","335271/2026-01-01/1763483524.json"
"2018325","2025906","2026-01-01","71.00","NZD","1763483524","335271/2026-01-01/1763483524.json"
"2018325","2025953","2026-01-01","67.45","NZD","1763483524","335271/2026-01-01/1763483524.json"
"2018320","2025901","2026-01-01","76.00","NZD","1763483524","335271/2026-01-01/1763483524.json"
"2018320","2025950","2026-01-01","72.20","NZD","1763483524","335271/2026-01-01/1763483524.json"
"2018327","2025908","2026-01-01","81.00","NZD","1763483524","335271/2026-01-01/1763483524.json"
"2018327","2025951","2026-01-01","76.95","NZD","1763483524","335271/2026-01-01/1763483524.json"
"2018317","2025898","2026-01-01","81.00","NZD","1763483524","335271/2026-01-01/1763483524.json"
"2018317","2025944","2026-01-01","76.95","NZD","1763483524","335271/2026-01-01/1763483524.json"
"2018322","2025903","2026-01-01","81.00","NZD","1763483524","335271/2026-01-01/1763483524.json"
"2018322","2025948","2026-01-01","76.95","NZD","1763483524","335271/2026-01-01/1763483524.json"
"2018321","2025902","2026-01-01","81.00","NZD","1763483524","335271/2026-01-01/1763483524.json"
"2018321","2025949","2026-01-01","76.95","NZD","1763483524","335271/2026-01-01/1763483524.json"
"2018318","2025899","2026-01-01","86.00","NZD","1763483524","335271/2026-01-01/1763483524.json"
"2018318","2025943","2026-01-01","81.70","NZD","1763483524","335271/2026-01-01/1763483524.json"
"2018319","2025900","2026-01-01","86.00","NZD","1763483524","335271/2026-01-01/1763483524.json"
"2018319","2025945","2026-01-01","81.70","NZD","1763483524","335271/2026-01-01/1763483524.json"
"2018323","2025904","2026-01-03","66.00","NZD","1763483524","335271/2026-01-03/1763483524.json"
"2018323","2025954","2026-01-03","62.70","NZD","1763483524","335271/2026-01-03/1763483524.json"
"2018326","2025907","2026-01-03","71.00","NZD","1763483524","335271/2026-01-03/1763483524.json"
"2018326","2025952","2026-01-03","67.45","NZD","1763483524","335271/2026-01-03/1763483524.json"
"2018325","2025906","2026-01-03","71.00","NZD","1763483524","335271/2026-01-03/1763483524.json"
"2018325","2025953","2026-01-03","67.45","NZD","1763483524","335271/2026-01-03/1763483524.json"
"2018320","2025901","2026-01-03","76.00","NZD","1763483524","335271/2026-01-03/1763483524.json"
"2018320","2025950","2026-01-03","72.20","NZD","1763483524","335271/2026-01-03/1763483524.json"
"2018327","2025908","2026-01-03","81.00","NZD","1763483524","335271/2026-01-03/1763483524.json"
"2018327","2025951","2026-01-03","76.95","NZD","1763483524","335271/2026-01-03/1763483524.json"
"2018317","2025898","2026-01-03","81.00","NZD","1763483524","335271/2026-01-03/1763483524.json"
"2018317","2025944","2026-01-03","76.95","NZD","1763483524","335271/2026-01-03/1763483524.json"
"2018322","2025903","2026-01-03","81.00","NZD","1763483524","335271/2026-01-03/1763483524.json"
"2018322","2025948","2026-01-03","76.95","NZD","1763483524","335271/2026-01-03/1763483524.json"
"2018321","2025902","2026-01-03","81.00","NZD","1763483524","335271/2026-01-03/1763483524.json"
"2018321","2025949","2026-01-03","76.95","NZD","1763483524","335271/2026-01-03/1763483524.json"
"2018318","2025899","2026-01-03","86.00","NZD","1763483524","335271/2026-01-03/1763483524.json"
"2018318","2025943","2026-01-03","81.70","NZD","1763483524","335271/2026-01-03/1763483524.json"
"2018319","2025900","2026-01-03","86.00","NZD","1763483524","335271/2026-01-03/1763483524.json"
"2018319","2025945","2026-01-03","81.70","NZD","1763483524","335271/2026-01-03/1763483524.json"
"2018323","2025904","2026-01-04","66.00","NZD","1763483524","335271/2026-01-04/1763483524.json"
"2018323","2025954","2026-01-04","62.70","NZD","1763483524","335271/2026-01-04/1763483524.json"
"2018326","2025907","2026-01-04","71.00","NZD","1763483524","335271/2026-01-04/1763483524.json"
"2018326","2025952","2026-01-04","67.45","NZD","1763483524","335271/2026-01-04/1763483524.json"
"2018325","2025906","2026-01-04","71.00","NZD","1763483524","335271/2026-01-04/1763483524.json"
"2018325","2025953","2026-01-04","67.45","NZD","1763483524","335271/2026-01-04/1763483524.json"
"2018320","2025901","2026-01-04","76.00","NZD","1763483524","335271/2026-01-04/1763483524.json"
"2018320","2025950","2026-01-04","72.20","NZD","1763483524","335271/2026-01-04/1763483524.json"
"2018327","2025908","2026-01-04","81.00","NZD","1763483524","335271/2026-01-04/1763483524.json"
"2018327","2025951","2026-01-04","76.95","NZD","1763483524","335271/2026-01-04/1763483524.json"
"2018317","2025898","2026-01-04","81.00","NZD","1763483524","335271/2026-01-04/1763483524.json"
"2018317","2025944","2026-01-04","76.95","NZD","1763483524","335271/2026-01-04/1763483524.json"
"2018322","2025903","2026-01-04","81.00","NZD","1763483524","335271/2026-01-04/1763483524.json"
"2018322","2025948","2026-01-04","76.95","NZD","1763483524","335271/2026-01-04/1763483524.json"
"2018321","2025902","2026-01-04","81.00","NZD","1763483524","335271/2026-01-04/1763483524.json"
"2018321","2025949","2026-01-04","76.95","NZD","1763483524","335271/2026-01-04/1763483524.json"
"2018318","2025899","2026-01-04","86.00","NZD","1763483524","335271/2026-01-04/1763483524.json"
"2018318","2025943","2026-01-04","81.70","NZD","1763483524","335271/2026-01-04/1763483524.json"
"2018319","2025900","2026-01-04","86.00","NZD","1763483524","335271/2026-01-04/1763483524.json"
"2018319","2025945","2026-01-04","81.70","NZD","1763483524","335271/2026-01-04/1763483524.json"
"2018323","2025904","2026-01-05","66.00","NZD","1763483524","335271/2026-01-05/1763483524.json"
"2018323","2025954","2026-01-05","62.70","NZD","1763483524","335271/2026-01-05/1763483524.json"
"2018326","2025907","2026-01-05","71.00","NZD","1763483524","335271/2026-01-05/1763483524.json"
"2018326","2025952","2026-01-05","67.45","NZD","1763483524","335271/2026-01-05/1763483524.json"
"2018325","2025906","2026-01-05","71.00","NZD","1763483524","335271/2026-01-05/1763483524.json"
"2018325","2025953","2026-01-05","67.45","NZD","1763483524","335271/2026-01-05/1763483524.json"
"2018320","2025901","2026-01-05","76.00","NZD","1763483524","335271/2026-01-05/1763483524.json"
"2018320","2025950","2026-01-05","72.20","NZD","1763483524","335271/2026-01-05/1763483524.json"
"2018327","2025908","2026-01-05","81.00","NZD","1763483524","335271/2026-01-05/1763483524.json"
"2018327","2025951","2026-01-05","76.95","NZD","1763483524","335271/2026-01-05/1763483524.json"
"2018317","2025898","2026-01-05","81.00","NZD","1763483524","335271/2026-01-05/1763483524.json"
"2018317","2025944","2026-01-05","76.95","NZD","1763483524","335271/2026-01-05/1763483524.json"
"2018322","2025903","2026-01-05","81.00","NZD","1763483524","335271/2026-01-05/1763483524.json"
"2018322","2025948","2026-01-05","76.95","NZD","1763483524","335271/2026-01-05/1763483524.json"
"2018321","2025902","2026-01-05","81.00","NZD","1763483524","335271/2026-01-05/1763483524.json"
"2018321","2025949","2026-01-05","76.95","NZD","1763483524","335271/2026-01-05/1763483524.json"
"2018318","2025899","2026-01-05","86.00","NZD","1763483524","335271/2026-01-05/1763483524.json"
"2018318","2025943","2026-01-05","81.70","NZD","1763483524","335271/2026-01-05/1763483524.json"
"2018319","2025900","2026-01-05","86.00","NZD","1763483524","335271/2026-01-05/1763483524.json"
"2018319","2025945","2026-01-05","81.70","NZD","1763483524","335271/2026-01-05/1763483524.json"
"2018323","2025904","2026-01-06","66.00","NZD","1763483524","335271/2026-01-06/1763483524.json"
"2018323","2025954","2026-01-06","62.70","NZD","1763483524","335271/2026-01-06/1763483524.json"
"2018326","2025907","2026-01-06","71.00","NZD","1763483524","335271/2026-01-06/1763483524.json"
"2018326","2025952","2026-01-06","67.45","NZD","1763483524","335271/2026-01-06/1763483524.json"
"2018325","2025906","2026-01-06","71.00","NZD","1763483524","335271/2026-01-06/1763483524.json"
"2018325","2025953","2026-01-06","67.45","NZD","1763483524","335271/2026-01-06/1763483524.json"
"2018320","2025901","2026-01-06","76.00","NZD","1763483524","335271/2026-01-06/1763483524.json"
"2018320","2025950","2026-01-06","72.20","NZD","1763483524","335271/2026-01-06/1763483524.json"
"2018327","2025908","2026-01-06","81.00","NZD","1763483524","335271/2026-01-06/1763483524.json"
"2018327","2025951","2026-01-06","76.95","NZD","1763483524","335271/2026-01-06/1763483524.json"
"2018317","2025898","2026-01-06","81.00","NZD","1763483524","335271/2026-01-06/1763483524.json"
"2018317","2025944","2026-01-06","76.95","NZD","1763483524","335271/2026-01-06/1763483524.json"
"2018322","2025903","2026-01-06","81.00","NZD","1763483524","335271/2026-01-06/1763483524.json"
"2018322","2025948","2026-01-06","76.95","NZD","1763483524","335271/2026-01-06/1763483524.json"
"2018321","2025902","2026-01-06","81.00","NZD","1763483524","335271/2026-01-06/1763483524.json"
"2018321","2025949","2026-01-06","76.95","NZD","1763483524","335271/2026-01-06/1763483524.json"
"2018318","2025899","2026-01-06","86.00","NZD","1763483524","335271/2026-01-06/1763483524.json"
"2018318","2025943","2026-01-06","81.70","NZD","1763483524","335271/2026-01-06/1763483524.json"
"2018319","2025900","2026-01-06","86.00","NZD","1763483524","335271/2026-01-06/1763483524.json"
"2018319","2025945","2026-01-06","81.70","NZD","1763483524","335271/2026-01-06/1763483524.json"
"2018323","2025904","2026-01-07","66.00","NZD","1763483524","335271/2026-01-07/1763483524.json"
"2018323","2025954","2026-01-07","62.70","NZD","1763483524","335271/2026-01-07/1763483524.json"
"2018326","2025907","2026-01-07","71.00","NZD","1763483524","335271/2026-01-07/1763483524.json"
"2018326","2025952","2026-01-07","67.45","NZD","1763483524","335271/2026-01-07/1763483524.json"
"2018325","2025906","2026-01-07","71.00","NZD","1763483524","335271/2026-01-07/1763483524.json"
"2018325","2025953","2026-01-07","67.45","NZD","1763483524","335271/2026-01-07/1763483524.json"
"2018320","2025901","2026-01-07","76.00","NZD","1763483524","335271/2026-01-07/1763483524.json"
"2018320","2025950","2026-01-07","72.20","NZD","1763483524","335271/2026-01-07/1763483524.json"
"2018327","2025908","2026-01-07","81.00","NZD","1763483524","335271/2026-01-07/1763483524.json"
"2018327","2025951","2026-01-07","76.95","NZD","1763483524","335271/2026-01-07/1763483524.json"
"2018317","2025898","2026-01-07","81.00","NZD","1763483524","335271/2026-01-07/1763483524.json"
"2018317","2025944","2026-01-07","76.95","NZD","1763483524","335271/2026-01-07/1763483524.json"
"2018322","2025903","2026-01-07","81.00","NZD","1763483524","335271/2026-01-07/1763483524.json"
"2018322","2025948","2026-01-07","76.95","NZD","1763483524","335271/2026-01-07/1763483524.json"
"2018321","2025902","2026-01-07","81.00","NZD","1763483524","335271/2026-01-07/1763483524.json"
"2018321","2025949","2026-01-07","76.95","NZD","1763483524","335271/2026-01-07/1763483524.json"
"2018318","2025899","2026-01-07","86.00","NZD","1763483524","335271/2026-01-07/1763483524.json"
"2018318","2025943","2026-01-07","81.70","NZD","1763483524","335271/2026-01-07/1763483524.json"
"2018319","2025900","2026-01-07","86.00","NZD","1763483524","335271/2026-01-07/1763483524.json"
"2018319","2025945","2026-01-07","81.70","NZD","1763483524","335271/2026-01-07/1763483524.json"
"2018323","2025904","2026-01-08","66.00","NZD","1763483524","335271/2026-01-08/1763483524.json"
"2018323","2025954","2026-01-08","62.70","NZD","1763483524","335271/2026-01-08/1763483524.json"
"2018326","2025907","2026-01-08","71.00","NZD","1763483524","335271/2026-01-08/1763483524.json"
"2018326","2025952","2026-01-08","67.45","NZD","1763483524","335271/2026-01-08/1763483524.json"
"2018325","2025906","2026-01-08","71.00","NZD","1763483524","335271/2026-01-08/1763483524.json"
"2018325","2025953","2026-01-08","67.45","NZD","1763483524","335271/2026-01-08/1763483524.json"
"2018320","2025901","2026-01-08","76.00","NZD","1763483524","335271/2026-01-08/1763483524.json"
"2018320","2025950","2026-01-08","72.20","NZD","1763483524","335271/2026-01-08/1763483524.json"
"2018327","2025908","2026-01-08","81.00","NZD","1763483524","335271/2026-01-08/1763483524.json"
"2018327","2025951","2026-01-08","76.95","NZD","1763483524","335271/2026-01-08/1763483524.json"
"2018317","2025898","2026-01-08","81.00","NZD","1763483524","335271/2026-01-08/1763483524.json"
"2018317","2025944","2026-01-08","76.95","NZD","1763483524","335271/2026-01-08/1763483524.json"
"2018322","2025903","2026-01-08","81.00","NZD","1763483524","335271/2026-01-08/1763483524.json"
"2018322","2025948","2026-01-08","76.95","NZD","1763483524","335271/2026-01-08/1763483524.json"
"2018321","2025902","2026-01-08","81.00","NZD","1763483524","335271/2026-01-08/1763483524.json"
"2018321","2025949","2026-01-08","76.95","NZD","1763483524","335271/2026-01-08/1763483524.json"
"2018318","2025899","2026-01-08","86.00","NZD","1763483524","335271/2026-01-08/1763483524.json"
"2018318","2025943","2026-01-08","81.70","NZD","1763483524","335271/2026-01-08/1763483524.json"
"2018319","2025900","2026-01-08","86.00","NZD","1763483524","335271/2026-01-08/1763483524.json"
"2018319","2025945","2026-01-08","81.70","NZD","1763483524","335271/2026-01-08/1763483524.json"
"2018323","2025904","2026-01-09","66.00","NZD","1763483524","335271/2026-01-09/1763483524.json"
"2018323","2025954","2026-01-09","62.70","NZD","1763483524","335271/2026-01-09/1763483524.json"
"2018326","2025907","2026-01-09","71.00","NZD","1763483524","335271/2026-01-09/1763483524.json"
"2018326","2025952","2026-01-09","67.45","NZD","1763483524","335271/2026-01-09/1763483524.json"
"2018325","2025906","2026-01-09","71.00","NZD","1763483524","335271/2026-01-09/1763483524.json"
"2018325","2025953","2026-01-09","67.45","NZD","1763483524","335271/2026-01-09/1763483524.json"
"2018320","2025901","2026-01-09","76.00","NZD","1763483524","335271/2026-01-09/1763483524.json"
"2018320","2025950","2026-01-09","72.20","NZD","1763483524","335271/2026-01-09/1763483524.json"
"2018327","2025908","2026-01-09","81.00","NZD","1763483524","335271/2026-01-09/1763483524.json"
"2018327","2025951","2026-01-09","76.95","NZD","1763483524","335271/2026-01-09/1763483524.json"
"2018317","2025898","2026-01-09","81.00","NZD","1763483524","335271/2026-01-09/1763483524.json"
"2018317","2025944","2026-01-09","76.95","NZD","1763483524","335271/2026-01-09/1763483524.json"
"2018322","2025903","2026-01-09","81.00","NZD","1763483524","335271/2026-01-09/1763483524.json"
"2018322","2025948","2026-01-09","76.95","NZD","1763483524","335271/2026-01-09/1763483524.json"
"2018321","2025902","2026-01-09","81.00","NZD","1763483524","335271/2026-01-09/1763483524.json"
"2018321","2025949","2026-01-09","76.95","NZD","1763483524","335271/2026-01-09/1763483524.json"
"2018318","2025899","2026-01-09","86.00","NZD","1763483524","335271/2026-01-09/1763483524.json"
"2018318","2025943","2026-01-09","81.70","NZD","1763483524","335271/2026-01-09/1763483524.json"
"2018319","2025900","2026-01-09","86.00","NZD","1763483524","335271/2026-01-09/1763483524.json"
"2018319","2025945","2026-01-09","81.70","NZD","1763483524","335271/2026-01-09/1763483524.json"
"2018323","2025904","2026-01-10","66.00","NZD","1763483524","335271/2026-01-10/1763483524.json"
"2018323","2025954","2026-01-10","62.70","NZD","1763483524","335271/2026-01-10/1763483524.json"
"2018326","2025907","2026-01-10","71.00","NZD","1763483524","335271/2026-01-10/1763483524.json"
"2018326","2025952","2026-01-10","67.45","NZD","1763483524","335271/2026-01-10/1763483524.json"
"2018325","2025906","2026-01-10","71.00","NZD","1763483524","335271/2026-01-10/1763483524.json"
"2018325","2025953","2026-01-10","67.45","NZD","1763483524","335271/2026-01-10/1763483524.json"
"2018320","2025901","2026-01-10","76.00","NZD","1763483524","335271/2026-01-10/1763483524.json"
"2018320","2025950","2026-01-10","72.20","NZD","1763483524","335271/2026-01-10/1763483524.json"
"2018327","2025908","2026-01-10","81.00","NZD","1763483524","335271/2026-01-10/1763483524.json"
"2018327","2025951","2026-01-10","76.95","NZD","1763483524","335271/2026-01-10/1763483524.json"
"2018317","2025898","2026-01-10","81.00","NZD","1763483524","335271/2026-01-10/1763483524.json"
"2018317","2025944","2026-01-10","76.95","NZD","1763483524","335271/2026-01-10/1763483524.json"
"2018322","2025903","2026-01-10","81.00","NZD","1763483524","335271/2026-01-10/1763483524.json"
"2018322","2025948","2026-01-10","76.95","NZD","1763483524","335271/2026-01-10/1763483524.json"
"2018321","2025902","2026-01-10","81.00","NZD","1763483524","335271/2026-01-10/1763483524.json"
"2018321","2025949","2026-01-10","76.95","NZD","1763483524","335271/2026-01-10/1763483524.json"
"2018318","2025899","2026-01-10","86.00","NZD","1763483524","335271/2026-01-10/1763483524.json"
"2018318","2025943","2026-01-10","81.70","NZD","1763483524","335271/2026-01-10/1763483524.json"
"2018319","2025900","2026-01-10","86.00","NZD","1763483524","335271/2026-01-10/1763483524.json"
"2018319","2025945","2026-01-10","81.70","NZD","1763483524","335271/2026-01-10/1763483524.json"
"2018323","2025904","2026-01-12","66.00","NZD","1763483524","335271/2026-01-12/1763483524.json"
"2018323","2025954","2026-01-12","62.70","NZD","1763483524","335271/2026-01-12/1763483524.json"
"2018326","2025907","2026-01-12","71.00","NZD","1763483524","335271/2026-01-12/1763483524.json"
"2018326","2025952","2026-01-12","67.45","NZD","1763483524","335271/2026-01-12/1763483524.json"
"2018325","2025906","2026-01-12","71.00","NZD","1763483524","335271/2026-01-12/1763483524.json"
"2018325","2025953","2026-01-12","67.45","NZD","1763483524","335271/2026-01-12/1763483524.json"
"2018320","2025901","2026-01-12","76.00","NZD","1763483524","335271/2026-01-12/1763483524.json"
"2018320","2025950","2026-01-12","72.20","NZD","1763483524","335271/2026-01-12/1763483524.json"
"2018327","2025908","2026-01-12","81.00","NZD","1763483524","335271/2026-01-12/1763483524.json"
"2018327","2025951","2026-01-12","76.95","NZD","1763483524","335271/2026-01-12/1763483524.json"
"2018317","2025898","2026-01-12","81.00","NZD","1763483524","335271/2026-01-12/1763483524.json"
"2018317","2025944","2026-01-12","76.95","NZD","1763483524","335271/2026-01-12/1763483524.json"
"2018322","2025903","2026-01-12","81.00","NZD","1763483524","335271/2026-01-12/1763483524.json"
"2018322","2025948","2026-01-12","76.95","NZD","1763483524","335271/2026-01-12/1763483524.json"
"2018321","2025902","2026-01-12","81.00","NZD","1763483524","335271/2026-01-12/1763483524.json"
"2018321","2025949","2026-01-12","76.95","NZD","1763483524","335271/2026-01-12/1763483524.json"
"2018318","2025899","2026-01-12","86.00","NZD","1763483524","335271/2026-01-12/1763483524.json"
"2018318","2025943","2026-01-12","81.70","NZD","1763483524","335271/2026-01-12/1763483524.json"
"2018319","2025900","2026-01-12","86.00","NZD","1763483524","335271/2026-01-12/1763483524.json"
"2018319","2025945","2026-01-12","81.70","NZD","1763483524","335271/2026-01-12/1763483524.json"
"2018323","2025904","2026-01-13","66.00","NZD","1763483524","335271/2026-01-13/1763483524.json"
"2018323","2025954","2026-01-13","62.70","NZD","1763483524","335271/2026-01-13/1763483524.json"
"2018326","2025907","2026-01-13","71.00","NZD","1763483524","335271/2026-01-13/1763483524.json"
"2018326","2025952","2026-01-13","67.45","NZD","1763483524","335271/2026-01-13/1763483524.json"
"2018325","2025906","2026-01-13","71.00","NZD","1763483524","335271/2026-01-13/1763483524.json"
"2018325","2025953","2026-01-13","67.45","NZD","1763483524","335271/2026-01-13/1763483524.json"
"2018320","2025901","2026-01-13","76.00","NZD","1763483524","335271/2026-01-13/1763483524.json"
"2018320","2025950","2026-01-13","72.20","NZD","1763483524","335271/2026-01-13/1763483524.json"
"2018327","2025908","2026-01-13","81.00","NZD","1763483524","335271/2026-01-13/1763483524.json"
"2018327","2025951","2026-01-13","76.95","NZD","1763483524","335271/2026-01-13/1763483524.json"
"2018317","2025898","2026-01-13","81.00","NZD","1763483524","335271/2026-01-13/1763483524.json"
"2018317","2025944","2026-01-13","76.95","NZD","1763483524","335271/2026-01-13/1763483524.json"
"2018322","2025903","2026-01-13","81.00","NZD","1763483524","335271/2026-01-13/1763483524.json"
"2018322","2025948","2026-01-13","76.95","NZD","1763483524","335271/2026-01-13/1763483524.json"
"2018321","2025902","2026-01-13","81.00","NZD","1763483524","335271/2026-01-13/1763483524.json"
"2018321","2025949","2026-01-13","76.95","NZD","1763483524","335271/2026-01-13/1763483524.json"
"2018318","2025899","2026-01-13","86.00","NZD","1763483524","335271/2026-01-13/1763483524.json"
"2018318","2025943","2026-01-13","81.70","NZD","1763483524","335271/2026-01-13/1763483524.json"
"2018319","2025900","2026-01-13","86.00","NZD","1763483524","335271/2026-01-13/1763483524.json"
"2018319","2025945","2026-01-13","81.70","NZD","1763483524","335271/2026-01-13/1763483524.json"
"2018323","2025904","2026-01-11","66.00","NZD","1763483524","335271/2026-01-11/1763483524.json"
"2018323","2025954","2026-01-11","62.70","NZD","1763483524","335271/2026-01-11/1763483524.json"
"2018326","2025907","2026-01-11","71.00","NZD","1763483524","335271/2026-01-11/1763483524.json"
"2018326","2025952","2026-01-11","67.45","NZD","1763483524","335271/2026-01-11/1763483524.json"
"2018325","2025906","2026-01-11","71.00","NZD","1763483524","335271/2026-01-11/1763483524.json"
"2018325","2025953","2026-01-11","67.45","NZD","1763483524","335271/2026-01-11/1763483524.json"
"2018320","2025901","2026-01-11","76.00","NZD","1763483524","335271/2026-01-11/1763483524.json"
"2018320","2025950","2026-01-11","72.20","NZD","1763483524","335271/2026-01-11/1763483524.json"
"2018327","2025908","2026-01-11","81.00","NZD","1763483524","335271/2026-01-11/1763483524.json"
"2018327","2025951","2026-01-11","76.95","NZD","1763483524","335271/2026-01-11/1763483524.json"
"2018317","2025898","2026-01-11","81.00","NZD","1763483524","335271/2026-01-11/1763483524.json"
"2018317","2025944","2026-01-11","76.95","NZD","1763483524","335271/2026-01-11/1763483524.json"
"2018322","2025903","2026-01-11","81.00","NZD","1763483524","335271/2026-01-11/1763483524.json"
"2018322","2025948","2026-01-11","76.95","NZD","1763483524","335271/2026-01-11/1763483524.json"
"2018321","2025902","2026-01-11","81.00","NZD","1763483524","335271/2026-01-11/1763483524.json"
"2018321","2025949","2026-01-11","76.95","NZD","1763483524","335271/2026-01-11/1763483524.json"
"2018318","2025899","2026-01-11","86.00","NZD","1763483524","335271/2026-01-11/1763483524.json"
"2018318","2025943","2026-01-11","81.70","NZD","1763483524","335271/2026-01-11/1763483524.json"
"2018319","2025900","2026-01-11","86.00","NZD","1763483524","335271/2026-01-11/1763483524.json"
"2018319","2025945","2026-01-11","81.70","NZD","1763483524","335271/2026-01-11/1763483524.json"
"2018323","2025904","2026-01-15","66.00","NZD","1763483524","335271/2026-01-15/1763483524.json"
"2018323","2025954","2026-01-15","62.70","NZD","1763483524","335271/2026-01-15/1763483524.json"
"2018326","2025907","2026-01-15","71.00","NZD","1763483524","335271/2026-01-15/1763483524.json"
"2018326","2025952","2026-01-15","67.45","NZD","1763483524","335271/2026-01-15/1763483524.json"
"2018325","2025906","2026-01-15","71.00","NZD","1763483524","335271/2026-01-15/1763483524.json"
"2018325","2025953","2026-01-15","67.45","NZD","1763483524","335271/2026-01-15/1763483524.json"
"2018320","2025901","2026-01-15","76.00","NZD","1763483524","335271/2026-01-15/1763483524.json"
"2018320","2025950","2026-01-15","72.20","NZD","1763483524","335271/2026-01-15/1763483524.json"
"2018327","2025908","2026-01-15","81.00","NZD","1763483524","335271/2026-01-15/1763483524.json"
"2018327","2025951","2026-01-15","76.95","NZD","1763483524","335271/2026-01-15/1763483524.json"
"2018317","2025898","2026-01-15","81.00","NZD","1763483524","335271/2026-01-15/1763483524.json"
"2018317","2025944","2026-01-15","76.95","NZD","1763483524","335271/2026-01-15/1763483524.json"
"2018322","2025903","2026-01-15","81.00","NZD","1763483524","335271/2026-01-15/1763483524.json"
"2018322","2025948","2026-01-15","76.95","NZD","1763483524","335271/2026-01-15/1763483524.json"
"2018321","2025902","2026-01-15","81.00","NZD","1763483524","335271/2026-01-15/1763483524.json"
"2018321","2025949","2026-01-15","76.95","NZD","1763483524","335271/2026-01-15/1763483524.json"
"2018318","2025899","2026-01-15","86.00","NZD","1763483524","335271/2026-01-15/1763483524.json"
"2018318","2025943","2026-01-15","81.70","NZD","1763483524","335271/2026-01-15/1763483524.json"
"2018319","2025900","2026-01-15","86.00","NZD","1763483524","335271/2026-01-15/1763483524.json"
"2018319","2025945","2026-01-15","81.70","NZD","1763483524","335271/2026-01-15/1763483524.json"
"2018323","2025904","2026-01-16","99.00","NZD","1763483524","335271/2026-01-16/1763483524.json"
"2018323","2025954","2026-01-16","94.05","NZD","1763483524","335271/2026-01-16/1763483524.json"
"2018326","2025907","2026-01-16","104.00","NZD","1763483524","335271/2026-01-16/1763483524.json"
"2018326","2025952","2026-01-16","98.80","NZD","1763483524","335271/2026-01-16/1763483524.json"
"2018325","2025906","2026-01-16","104.00","NZD","1763483524","335271/2026-01-16/1763483524.json"
"2018325","2025953","2026-01-16","98.80","NZD","1763483524","335271/2026-01-16/1763483524.json"
"2018320","2025901","2026-01-16","109.00","NZD","1763483524","335271/2026-01-16/1763483524.json"
"2018320","2025950","2026-01-16","103.55","NZD","1763483524","335271/2026-01-16/1763483524.json"
"2018327","2025908","2026-01-16","114.00","NZD","1763483524","335271/2026-01-16/1763483524.json"
"2018327","2025951","2026-01-16","108.30","NZD","1763483524","335271/2026-01-16/1763483524.json"
"2018317","2025898","2026-01-16","114.00","NZD","1763483524","335271/2026-01-16/1763483524.json"
"2018317","2025944","2026-01-16","108.30","NZD","1763483524","335271/2026-01-16/1763483524.json"
"2018322","2025903","2026-01-16","114.00","NZD","1763483524","335271/2026-01-16/1763483524.json"
"2018322","2025948","2026-01-16","108.30","NZD","1763483524","335271/2026-01-16/1763483524.json"
"2018321","2025902","2026-01-16","114.00","NZD","1763483524","335271/2026-01-16/1763483524.json"
"2018321","2025949","2026-01-16","108.30","NZD","1763483524","335271/2026-01-16/1763483524.json"
"2018318","2025899","2026-01-16","119.00","NZD","1763483524","335271/2026-01-16/1763483524.json"
"2018318","2025943","2026-01-16","113.05","NZD","1763483524","335271/2026-01-16/1763483524.json"
"2018319","2025900","2026-01-16","119.00","NZD","1763483524","335271/2026-01-16/1763483524.json"
"2018319","2025945","2026-01-16","113.05","NZD","1763483524","335271/2026-01-16/1763483524.json"
"2018323","2025904","2026-01-17","99.00","NZD","1763483524","335271/2026-01-17/1763483524.json"
"2018323","2025954","2026-01-17","94.05","NZD","1763483524","335271/2026-01-17/1763483524.json"
"2018326","2025907","2026-01-17","104.00","NZD","1763483524","335271/2026-01-17/1763483524.json"
"2018326","2025952","2026-01-17","98.80","NZD","1763483524","335271/2026-01-17/1763483524.json"
"2018325","2025906","2026-01-17","104.00","NZD","1763483524","335271/2026-01-17/1763483524.json"
"2018325","2025953","2026-01-17","98.80","NZD","1763483524","335271/2026-01-17/1763483524.json"
"2018320","2025901","2026-01-17","109.00","NZD","1763483524","335271/2026-01-17/1763483524.json"
"2018320","2025950","2026-01-17","103.55","NZD","1763483524","335271/2026-01-17/1763483524.json"
"2018327","2025908","2026-01-17","114.00","NZD","1763483524","335271/2026-01-17/1763483524.json"
"2018327","2025951","2026-01-17","108.30","NZD","1763483524","335271/2026-01-17/1763483524.json"
"2018317","2025898","2026-01-17","114.00","NZD","1763483524","335271/2026-01-17/1763483524.json"
"2018317","2025944","2026-01-17","108.30","NZD","1763483524","335271/2026-01-17/1763483524.json"
"2018322","2025903","2026-01-17","114.00","NZD","1763483524","335271/2026-01-17/1763483524.json"
"2018322","2025948","2026-01-17","108.30","NZD","1763483524","335271/2026-01-17/1763483524.json"
"2018321","2025902","2026-01-17","114.00","NZD","1763483524","335271/2026-01-17/1763483524.json"
"2018321","2025949","2026-01-17","108.30","NZD","1763483524","335271/2026-01-17/1763483524.json"
"2018318","2025899","2026-01-17","119.00","NZD","1763483524","335271/2026-01-17/1763483524.json"
"2018318","2025943","2026-01-17","113.05","NZD","1763483524","335271/2026-01-17/1763483524.json"
"2018319","2025900","2026-01-17","119.00","NZD","1763483524","335271/2026-01-17/1763483524.json"
"2018319","2025945","2026-01-17","113.05","NZD","1763483524","335271/2026-01-17/1763483524.json"
"2018323","2025904","2026-01-14","66.00","NZD","1763483524","335271/2026-01-14/1763483524.json"
"2018323","2025954","2026-01-14","62.70","NZD","1763483524","335271/2026-01-14/1763483524.json"
"2018326","2025907","2026-01-14","71.00","NZD","1763483524","335271/2026-01-14/1763483524.json"
"2018326","2025952","2026-01-14","67.45","NZD","1763483524","335271/2026-01-14/1763483524.json"
"2018325","2025906","2026-01-14","71.00","NZD","1763483524","335271/2026-01-14/1763483524.json"
"2018325","2025953","2026-01-14","67.45","NZD","1763483524","335271/2026-01-14/1763483524.json"
"2018320","2025901","2026-01-14","76.00","NZD","1763483524","335271/2026-01-14/1763483524.json"
"2018320","2025950","2026-01-14","72.20","NZD","1763483524","335271/2026-01-14/1763483524.json"
"2018327","2025908","2026-01-14","81.00","NZD","1763483524","335271/2026-01-14/1763483524.json"
"2018327","2025951","2026-01-14","76.95","NZD","1763483524","335271/2026-01-14/1763483524.json"
"2018317","2025898","2026-01-14","81.00","NZD","1763483524","335271/2026-01-14/1763483524.json"
"2018317","2025944","2026-01-14","76.95","NZD","1763483524","335271/2026-01-14/1763483524.json"
"2018322","2025903","2026-01-14","81.00","NZD","1763483524","335271/2026-01-14/1763483524.json"
"2018322","2025948","2026-01-14","76.95","NZD","1763483524","335271/2026-01-14/1763483524.json"
"2018321","2025902","2026-01-14","81.00","NZD","1763483524","335271/2026-01-14/1763483524.json"
"2018321","2025949","2026-01-14","76.95","NZD","1763483524","335271/2026-01-14/1763483524.json"
"2018318","2025899","2026-01-14","86.00","NZD","1763483524","335271/2026-01-14/1763483524.json"
"2018318","2025943","2026-01-14","81.70","NZD","1763483524","335271/2026-01-14/1763483524.json"
"2018319","2025900","2026-01-14","86.00","NZD","1763483524","335271/2026-01-14/1763483524.json"
"2018319","2025945","2026-01-14","81.70","NZD","1763483524","335271/2026-01-14/1763483524.json"
"2018323","2025904","2025-11-19","179.00","NZD","1763516860","335271/2025-11-19/1763516860.json"
"2018323","2025954","2025-11-19","170.05","NZD","1763516860","335271/2025-11-19/1763516860.json"
"2018326","2025907","2025-11-19","184.00","NZD","1763516860","335271/2025-11-19/1763516860.json"
"2018326","2025952","2025-11-19","174.80","NZD","1763516860","335271/2025-11-19/1763516860.json"
"2018325","2025906","2025-11-19","184.00","NZD","1763516860","335271/2025-11-19/1763516860.json"
"2018325","2025953","2025-11-19","174.80","NZD","1763516860","335271/2025-11-19/1763516860.json"
"2018320","2025901","2025-11-19","189.00","NZD","1763516860","335271/2025-11-19/1763516860.json"
"2018320","2025950","2025-11-19","179.55","NZD","1763516860","335271/2025-11-19/1763516860.json"
"2018322","2025903","2025-11-19","194.00","NZD","1763516860","335271/2025-11-19/1763516860.json"
"2018322","2025948","2025-11-19","184.30","NZD","1763516860","335271/2025-11-19/1763516860.json"
"2018321","2025902","2025-11-19","194.00","NZD","1763516860","335271/2025-11-19/1763516860.json"
"2018321","2025949","2025-11-19","184.30","NZD","1763516860","335271/2025-11-19/1763516860.json"
"2018319","2025900","2025-11-19","199.00","NZD","1763516860","335271/2025-11-19/1763516860.json"
"2018319","2025945","2025-11-19","189.05","NZD","1763516860","335271/2025-11-19/1763516860.json"
"2018323","2025904","2025-11-22","99.00","NZD","1763516860","335271/2025-11-22/1763516860.json"
"2018323","2025954","2025-11-22","94.05","NZD","1763516860","335271/2025-11-22/1763516860.json"
"2018326","2025907","2025-11-22","104.00","NZD","1763516860","335271/2025-11-22/1763516860.json"
"2018326","2025952","2025-11-22","98.80","NZD","1763516860","335271/2025-11-22/1763516860.json"
"2018325","2025906","2025-11-22","104.00","NZD","1763516860","335271/2025-11-22/1763516860.json"
"2018325","2025953","2025-11-22","98.80","NZD","1763516860","335271/2025-11-22/1763516860.json"
"2018320","2025901","2025-11-22","109.00","NZD","1763516860","335271/2025-11-22/1763516860.json"
"2018320","2025950","2025-11-22","103.55","NZD","1763516860","335271/2025-11-22/1763516860.json"
"2018322","2025903","2025-11-22","114.00","NZD","1763516860","335271/2025-11-22/1763516860.json"
"2018322","2025948","2025-11-22","108.30","NZD","1763516860","335271/2025-11-22/1763516860.json"
"2018327","2025908","2025-11-22","114.00","NZD","1763516860","335271/2025-11-22/1763516860.json"
"2018327","2025951","2025-11-22","108.30","NZD","1763516860","335271/2025-11-22/1763516860.json"
"2018321","2025902","2025-11-22","114.00","NZD","1763516860","335271/2025-11-22/1763516860.json"
"2018321","2025949","2025-11-22","108.30","NZD","1763516860","335271/2025-11-22/1763516860.json"
"2018317","2025898","2025-11-22","114.00","NZD","1763516860","335271/2025-11-22/1763516860.json"
"2018317","2025944","2025-11-22","108.30","NZD","1763516860","335271/2025-11-22/1763516860.json"
"2018319","2025900","2025-11-22","119.00","NZD","1763516860","335271/2025-11-22/1763516860.json"
"2018319","2025945","2025-11-22","113.05","NZD","1763516860","335271/2025-11-22/1763516860.json"
"2018318","2025899","2025-11-22","119.00","NZD","1763516860","335271/2025-11-22/1763516860.json"
"2018318","2025943","2025-11-22","113.05","NZD","1763516860","335271/2025-11-22/1763516860.json"
"2018323","2025904","2025-11-21","99.00","NZD","1763516860","335271/2025-11-21/1763516860.json"
"2018323","2025954","2025-11-21","94.05","NZD","1763516860","335271/2025-11-21/1763516860.json"
"2018326","2025907","2025-11-21","104.00","NZD","1763516860","335271/2025-11-21/1763516860.json"
"2018326","2025952","2025-11-21","98.80","NZD","1763516860","335271/2025-11-21/1763516860.json"
"2018325","2025906","2025-11-21","104.00","NZD","1763516860","335271/2025-11-21/1763516860.json"
"2018325","2025953","2025-11-21","98.80","NZD","1763516860","335271/2025-11-21/1763516860.json"
"2018320","2025901","2025-11-21","109.00","NZD","1763516860","335271/2025-11-21/1763516860.json"
"2018320","2025950","2025-11-21","103.55","NZD","1763516860","335271/2025-11-21/1763516860.json"
"2018322","2025903","2025-11-21","114.00","NZD","1763516860","335271/2025-11-21/1763516860.json"
"2018322","2025948","2025-11-21","108.30","NZD","1763516860","335271/2025-11-21/1763516860.json"
"2018327","2025908","2025-11-21","114.00","NZD","1763516860","335271/2025-11-21/1763516860.json"
"2018327","2025951","2025-11-21","108.30","NZD","1763516860","335271/2025-11-21/1763516860.json"
"2018321","2025902","2025-11-21","114.00","NZD","1763516860","335271/2025-11-21/1763516860.json"
"2018321","2025949","2025-11-21","108.30","NZD","1763516860","335271/2025-11-21/1763516860.json"
"2018317","2025898","2025-11-21","114.00","NZD","1763516860","335271/2025-11-21/1763516860.json"
"2018317","2025944","2025-11-21","108.30","NZD","1763516860","335271/2025-11-21/1763516860.json"
"2018319","2025900","2025-11-21","119.00","NZD","1763516860","335271/2025-11-21/1763516860.json"
"2018319","2025945","2025-11-21","113.05","NZD","1763516860","335271/2025-11-21/1763516860.json"
"2018318","2025899","2025-11-21","119.00","NZD","1763516860","335271/2025-11-21/1763516860.json"
"2018318","2025943","2025-11-21","113.05","NZD","1763516860","335271/2025-11-21/1763516860.json"
"2018323","2025904","2025-11-20","99.00","NZD","1763516860","335271/2025-11-20/1763516860.json"
"2018323","2025954","2025-11-20","94.05","NZD","1763516860","335271/2025-11-20/1763516860.json"
"2018326","2025907","2025-11-20","104.00","NZD","1763516860","335271/2025-11-20/1763516860.json"
"2018326","2025952","2025-11-20","98.80","NZD","1763516860","335271/2025-11-20/1763516860.json"
"2018325","2025906","2025-11-20","104.00","NZD","1763516860","335271/2025-11-20/1763516860.json"
"2018325","2025953","2025-11-20","98.80","NZD","1763516860","335271/2025-11-20/1763516860.json"
"2018320","2025901","2025-11-20","109.00","NZD","1763516860","335271/2025-11-20/1763516860.json"
"2018320","2025950","2025-11-20","103.55","NZD","1763516860","335271/2025-11-20/1763516860.json"
"2018321","2025902","2025-11-20","114.00","NZD","1763516860","335271/2025-11-20/1763516860.json"
"2018321","2025949","2025-11-20","108.30","NZD","1763516860","335271/2025-11-20/1763516860.json"
"2018327","2025908","2025-11-20","114.00","NZD","1763516860","335271/2025-11-20/1763516860.json"
"2018327","2025951","2025-11-20","108.30","NZD","1763516860","335271/2025-11-20/1763516860.json"
"2018317","2025898","2025-11-20","114.00","NZD","1763516860","335271/2025-11-20/1763516860.json"
"2018317","2025944","2025-11-20","108.30","NZD","1763516860","335271/2025-11-20/1763516860.json"
"2018322","2025903","2025-11-20","114.00","NZD","1763516860","335271/2025-11-20/1763516860.json"
"2018322","2025948","2025-11-20","108.30","NZD","1763516860","335271/2025-11-20/1763516860.json"
"2018318","2025899","2025-11-20","119.00","NZD","1763516860","335271/2025-11-20/1763516860.json"
"2018318","2025943","2025-11-20","113.05","NZD","1763516860","335271/2025-11-20/1763516860.json"
"2018319","2025900","2025-11-20","119.00","NZD","1763516860","335271/2025-11-20/1763516860.json"
"2018319","2025945","2025-11-20","113.05","NZD","1763516860","335271/2025-11-20/1763516860.json"
"2018323","2025904","2025-11-25","66.00","NZD","1763516860","335271/2025-11-25/1763516860.json"
"2018323","2025954","2025-11-25","62.70","NZD","1763516860","335271/2025-11-25/1763516860.json"
"2018326","2025907","2025-11-25","71.00","NZD","1763516860","335271/2025-11-25/1763516860.json"
"2018326","2025952","2025-11-25","67.45","NZD","1763516860","335271/2025-11-25/1763516860.json"
"2018325","2025906","2025-11-25","71.00","NZD","1763516860","335271/2025-11-25/1763516860.json"
"2018325","2025953","2025-11-25","67.45","NZD","1763516860","335271/2025-11-25/1763516860.json"
"2018320","2025901","2025-11-25","76.00","NZD","1763516860","335271/2025-11-25/1763516860.json"
"2018320","2025950","2025-11-25","72.20","NZD","1763516860","335271/2025-11-25/1763516860.json"
"2018322","2025903","2025-11-25","81.00","NZD","1763516860","335271/2025-11-25/1763516860.json"
"2018322","2025948","2025-11-25","76.95","NZD","1763516860","335271/2025-11-25/1763516860.json"
"2018327","2025908","2025-11-25","81.00","NZD","1763516860","335271/2025-11-25/1763516860.json"
"2018327","2025951","2025-11-25","76.95","NZD","1763516860","335271/2025-11-25/1763516860.json"
"2018321","2025902","2025-11-25","81.00","NZD","1763516860","335271/2025-11-25/1763516860.json"
"2018321","2025949","2025-11-25","76.95","NZD","1763516860","335271/2025-11-25/1763516860.json"
"2018317","2025898","2025-11-25","81.00","NZD","1763516860","335271/2025-11-25/1763516860.json"
"2018317","2025944","2025-11-25","76.95","NZD","1763516860","335271/2025-11-25/1763516860.json"
"2018319","2025900","2025-11-25","86.00","NZD","1763516860","335271/2025-11-25/1763516860.json"
"2018319","2025945","2025-11-25","81.70","NZD","1763516860","335271/2025-11-25/1763516860.json"
"2018318","2025899","2025-11-25","86.00","NZD","1763516860","335271/2025-11-25/1763516860.json"
"2018318","2025943","2025-11-25","81.70","NZD","1763516860","335271/2025-11-25/1763516860.json"
"2018323","2025904","2025-11-26","66.00","NZD","1763516860","335271/2025-11-26/1763516860.json"
"2018323","2025954","2025-11-26","62.70","NZD","1763516860","335271/2025-11-26/1763516860.json"
"2018326","2025907","2025-11-26","71.00","NZD","1763516860","335271/2025-11-26/1763516860.json"
"2018326","2025952","2025-11-26","67.45","NZD","1763516860","335271/2025-11-26/1763516860.json"
"2018325","2025906","2025-11-26","71.00","NZD","1763516860","335271/2025-11-26/1763516860.json"
"2018325","2025953","2025-11-26","67.45","NZD","1763516860","335271/2025-11-26/1763516860.json"
"2018320","2025901","2025-11-26","76.00","NZD","1763516860","335271/2025-11-26/1763516860.json"
"2018320","2025950","2025-11-26","72.20","NZD","1763516860","335271/2025-11-26/1763516860.json"
"2018321","2025902","2025-11-26","81.00","NZD","1763516860","335271/2025-11-26/1763516860.json"
"2018321","2025949","2025-11-26","76.95","NZD","1763516860","335271/2025-11-26/1763516860.json"
"2018327","2025908","2025-11-26","81.00","NZD","1763516860","335271/2025-11-26/1763516860.json"
"2018327","2025951","2025-11-26","76.95","NZD","1763516860","335271/2025-11-26/1763516860.json"
"2018317","2025898","2025-11-26","81.00","NZD","1763516860","335271/2025-11-26/1763516860.json"
"2018317","2025944","2025-11-26","76.95","NZD","1763516860","335271/2025-11-26/1763516860.json"
"2018322","2025903","2025-11-26","81.00","NZD","1763516860","335271/2025-11-26/1763516860.json"
"2018322","2025948","2025-11-26","76.95","NZD","1763516860","335271/2025-11-26/1763516860.json"
"2018318","2025899","2025-11-26","86.00","NZD","1763516860","335271/2025-11-26/1763516860.json"
"2018318","2025943","2025-11-26","81.70","NZD","1763516860","335271/2025-11-26/1763516860.json"
"2018319","2025900","2025-11-26","86.00","NZD","1763516860","335271/2025-11-26/1763516860.json"
"2018319","2025945","2025-11-26","81.70","NZD","1763516860","335271/2025-11-26/1763516860.json"
"2018323","2025904","2025-11-23","66.00","NZD","1763516860","335271/2025-11-23/1763516860.json"
"2018323","2025954","2025-11-23","62.70","NZD","1763516860","335271/2025-11-23/1763516860.json"
"2018326","2025907","2025-11-23","71.00","NZD","1763516860","335271/2025-11-23/1763516860.json"
"2018326","2025952","2025-11-23","67.45","NZD","1763516860","335271/2025-11-23/1763516860.json"
"2018325","2025906","2025-11-23","71.00","NZD","1763516860","335271/2025-11-23/1763516860.json"
"2018325","2025953","2025-11-23","67.45","NZD","1763516860","335271/2025-11-23/1763516860.json"
"2018320","2025901","2025-11-23","76.00","NZD","1763516860","335271/2025-11-23/1763516860.json"
"2018320","2025950","2025-11-23","72.20","NZD","1763516860","335271/2025-11-23/1763516860.json"
"2018322","2025903","2025-11-23","81.00","NZD","1763516860","335271/2025-11-23/1763516860.json"
"2018322","2025948","2025-11-23","76.95","NZD","1763516860","335271/2025-11-23/1763516860.json"
"2018327","2025908","2025-11-23","81.00","NZD","1763516860","335271/2025-11-23/1763516860.json"
"2018327","2025951","2025-11-23","76.95","NZD","1763516860","335271/2025-11-23/1763516860.json"
"2018321","2025902","2025-11-23","81.00","NZD","1763516860","335271/2025-11-23/1763516860.json"
"2018321","2025949","2025-11-23","76.95","NZD","1763516860","335271/2025-11-23/1763516860.json"
"2018317","2025898","2025-11-23","81.00","NZD","1763516860","335271/2025-11-23/1763516860.json"
"2018317","2025944","2025-11-23","76.95","NZD","1763516860","335271/2025-11-23/1763516860.json"
"2018319","2025900","2025-11-23","86.00","NZD","1763516860","335271/2025-11-23/1763516860.json"
"2018319","2025945","2025-11-23","81.70","NZD","1763516860","335271/2025-11-23/1763516860.json"
"2018318","2025899","2025-11-23","86.00","NZD","1763516860","335271/2025-11-23/1763516860.json"
"2018318","2025943","2025-11-23","81.70","NZD","1763516860","335271/2025-11-23/1763516860.json"
"2018323","2025904","2025-11-24","66.00","NZD","1763516860","335271/2025-11-24/1763516860.json"
"2018323","2025954","2025-11-24","62.70","NZD","1763516860","335271/2025-11-24/1763516860.json"
"2018326","2025907","2025-11-24","71.00","NZD","1763516860","335271/2025-11-24/1763516860.json"
"2018326","2025952","2025-11-24","67.45","NZD","1763516860","335271/2025-11-24/1763516860.json"
"2018325","2025906","2025-11-24","71.00","NZD","1763516860","335271/2025-11-24/1763516860.json"
"2018325","2025953","2025-11-24","67.45","NZD","1763516860","335271/2025-11-24/1763516860.json"
"2018320","2025901","2025-11-24","76.00","NZD","1763516860","335271/2025-11-24/1763516860.json"
"2018320","2025950","2025-11-24","72.20","NZD","1763516860","335271/2025-11-24/1763516860.json"
"2018321","2025902","2025-11-24","81.00","NZD","1763516860","335271/2025-11-24/1763516860.json"
"2018321","2025949","2025-11-24","76.95","NZD","1763516860","335271/2025-11-24/1763516860.json"
"2018327","2025908","2025-11-24","81.00","NZD","1763516860","335271/2025-11-24/1763516860.json"
"2018327","2025951","2025-11-24","76.95","NZD","1763516860","335271/2025-11-24/1763516860.json"
"2018317","2025898","2025-11-24","81.00","NZD","1763516860","335271/2025-11-24/1763516860.json"
"2018317","2025944","2025-11-24","76.95","NZD","1763516860","335271/2025-11-24/1763516860.json"
"2018322","2025903","2025-11-24","81.00","NZD","1763516860","335271/2025-11-24/1763516860.json"
"2018322","2025948","2025-11-24","76.95","NZD","1763516860","335271/2025-11-24/1763516860.json"
"2018318","2025899","2025-11-24","86.00","NZD","1763516860","335271/2025-11-24/1763516860.json"
"2018318","2025943","2025-11-24","81.70","NZD","1763516860","335271/2025-11-24/1763516860.json"
"2018319","2025900","2025-11-24","86.00","NZD","1763516860","335271/2025-11-24/1763516860.json"
"2018319","2025945","2025-11-24","81.70","NZD","1763516860","335271/2025-11-24/1763516860.json"
"2018323","2025904","2025-11-27","66.00","NZD","1763516860","335271/2025-11-27/1763516860.json"
"2018323","2025954","2025-11-27","62.70","NZD","1763516860","335271/2025-11-27/1763516860.json"
"2018326","2025907","2025-11-27","71.00","NZD","1763516860","335271/2025-11-27/1763516860.json"
"2018323","2025904","2025-11-28","66.00","NZD","1763516860","335271/2025-11-28/1763516860.json"
"2018326","2025952","2025-11-27","67.45","NZD","1763516860","335271/2025-11-27/1763516860.json"
"2018323","2025954","2025-11-28","62.70","NZD","1763516860","335271/2025-11-28/1763516860.json"
"2018325","2025906","2025-11-27","71.00","NZD","1763516860","335271/2025-11-27/1763516860.json"
"2018325","2025953","2025-11-27","67.45","NZD","1763516860","335271/2025-11-27/1763516860.json"
"2018326","2025907","2025-11-28","71.00","NZD","1763516860","335271/2025-11-28/1763516860.json"
"2018320","2025901","2025-11-27","76.00","NZD","1763516860","335271/2025-11-27/1763516860.json"
"2018326","2025952","2025-11-28","67.45","NZD","1763516860","335271/2025-11-28/1763516860.json"
"2018320","2025950","2025-11-27","72.20","NZD","1763516860","335271/2025-11-27/1763516860.json"
"2018321","2025902","2025-11-27","81.00","NZD","1763516860","335271/2025-11-27/1763516860.json"
"2018325","2025906","2025-11-28","71.00","NZD","1763516860","335271/2025-11-28/1763516860.json"
"2018325","2025953","2025-11-28","67.45","NZD","1763516860","335271/2025-11-28/1763516860.json"
"2018321","2025949","2025-11-27","76.95","NZD","1763516860","335271/2025-11-27/1763516860.json"
"2018320","2025901","2025-11-28","76.00","NZD","1763516860","335271/2025-11-28/1763516860.json"
"2018327","2025908","2025-11-27","81.00","NZD","1763516860","335271/2025-11-27/1763516860.json"
"2018320","2025950","2025-11-28","72.20","NZD","1763516860","335271/2025-11-28/1763516860.json"
"2018321","2025902","2025-11-28","81.00","NZD","1763516860","335271/2025-11-28/1763516860.json"
"2018321","2025949","2025-11-28","76.95","NZD","1763516860","335271/2025-11-28/1763516860.json"
"2018327","2025951","2025-11-27","76.95","NZD","1763516860","335271/2025-11-27/1763516860.json"
"2018327","2025908","2025-11-28","81.00","NZD","1763516860","335271/2025-11-28/1763516860.json"
"2018317","2025898","2025-11-27","81.00","NZD","1763516860","335271/2025-11-27/1763516860.json"
"2018327","2025951","2025-11-28","76.95","NZD","1763516860","335271/2025-11-28/1763516860.json"
"2018317","2025944","2025-11-27","76.95","NZD","1763516860","335271/2025-11-27/1763516860.json"
"2018317","2025898","2025-11-28","81.00","NZD","1763516860","335271/2025-11-28/1763516860.json"
"2018322","2025903","2025-11-27","81.00","NZD","1763516860","335271/2025-11-27/1763516860.json"
"2018317","2025944","2025-11-28","76.95","NZD","1763516860","335271/2025-11-28/1763516860.json"
"2018322","2025948","2025-11-27","76.95","NZD","1763516860","335271/2025-11-27/1763516860.json"
"2018318","2025899","2025-11-27","86.00","NZD","1763516860","335271/2025-11-27/1763516860.json"
"2018322","2025903","2025-11-28","81.00","NZD","1763516860","335271/2025-11-28/1763516860.json"
"2018318","2025943","2025-11-27","81.70","NZD","1763516860","335271/2025-11-27/1763516860.json"
"2018322","2025948","2025-11-28","76.95","NZD","1763516860","335271/2025-11-28/1763516860.json"
"2018319","2025900","2025-11-27","86.00","NZD","1763516860","335271/2025-11-27/1763516860.json"
"2018318","2025899","2025-11-28","86.00","NZD","1763516860","335271/2025-11-28/1763516860.json"
"2018318","2025943","2025-11-28","81.70","NZD","1763516860","335271/2025-11-28/1763516860.json"
"2018319","2025945","2025-11-27","81.70","NZD","1763516860","335271/2025-11-27/1763516860.json"
"2018319","2025900","2025-11-28","86.00","NZD","1763516860","335271/2025-11-28/1763516860.json"
"2018319","2025945","2025-11-28","81.70","NZD","1763516860","335271/2025-11-28/1763516860.json"
"2018323","2025904","2025-11-29","66.00","NZD","1763516860","335271/2025-11-29/1763516860.json"
"2018323","2025954","2025-11-29","62.70","NZD","1763516860","335271/2025-11-29/1763516860.json"
"2018326","2025907","2025-11-29","71.00","NZD","1763516860","335271/2025-11-29/1763516860.json"
"2018326","2025952","2025-11-29","67.45","NZD","1763516860","335271/2025-11-29/1763516860.json"
"2018325","2025906","2025-11-29","71.00","NZD","1763516860","335271/2025-11-29/1763516860.json"
"2018325","2025953","2025-11-29","67.45","NZD","1763516860","335271/2025-11-29/1763516860.json"
"2018320","2025901","2025-11-29","76.00","NZD","1763516860","335271/2025-11-29/1763516860.json"
"2018320","2025950","2025-11-29","72.20","NZD","1763516860","335271/2025-11-29/1763516860.json"
"2018321","2025902","2025-11-29","81.00","NZD","1763516860","335271/2025-11-29/1763516860.json"
"2018321","2025949","2025-11-29","76.95","NZD","1763516860","335271/2025-11-29/1763516860.json"
"2018327","2025908","2025-11-29","81.00","NZD","1763516860","335271/2025-11-29/1763516860.json"
"2018327","2025951","2025-11-29","76.95","NZD","1763516860","335271/2025-11-29/1763516860.json"
"2018317","2025898","2025-11-29","81.00","NZD","1763516860","335271/2025-11-29/1763516860.json"
"2018317","2025944","2025-11-29","76.95","NZD","1763516860","335271/2025-11-29/1763516860.json"
"2018322","2025903","2025-11-29","81.00","NZD","1763516860","335271/2025-11-29/1763516860.json"
"2018322","2025948","2025-11-29","76.95","NZD","1763516860","335271/2025-11-29/1763516860.json"
"2018318","2025899","2025-11-29","86.00","NZD","1763516860","335271/2025-11-29/1763516860.json"
"2018318","2025943","2025-11-29","81.70","NZD","1763516860","335271/2025-11-29/1763516860.json"
"2018319","2025900","2025-11-29","86.00","NZD","1763516860","335271/2025-11-29/1763516860.json"
"2018319","2025945","2025-11-29","81.70","NZD","1763516860","335271/2025-11-29/1763516860.json"
"2018323","2025904","2025-11-30","66.00","NZD","1763516860","335271/2025-11-30/1763516860.json"
"2018323","2025954","2025-11-30","62.70","NZD","1763516860","335271/2025-11-30/1763516860.json"
"2018326","2025907","2025-11-30","71.00","NZD","1763516860","335271/2025-11-30/1763516860.json"
"2018326","2025952","2025-11-30","67.45","NZD","1763516860","335271/2025-11-30/1763516860.json"
"2018325","2025906","2025-11-30","71.00","NZD","1763516860","335271/2025-11-30/1763516860.json"
"2018325","2025953","2025-11-30","67.45","NZD","1763516860","335271/2025-11-30/1763516860.json"
"2018320","2025901","2025-11-30","76.00","NZD","1763516860","335271/2025-11-30/1763516860.json"
"2018320","2025950","2025-11-30","72.20","NZD","1763516860","335271/2025-11-30/1763516860.json"
"2018321","2025902","2025-11-30","81.00","NZD","1763516860","335271/2025-11-30/1763516860.json"
"2018321","2025949","2025-11-30","76.95","NZD","1763516860","335271/2025-11-30/1763516860.json"
"2018327","2025908","2025-11-30","81.00","NZD","1763516860","335271/2025-11-30/1763516860.json"
"2018327","2025951","2025-11-30","76.95","NZD","1763516860","335271/2025-11-30/1763516860.json"
"2018317","2025898","2025-11-30","81.00","NZD","1763516860","335271/2025-11-30/1763516860.json"
"2018317","2025944","2025-11-30","76.95","NZD","1763516860","335271/2025-11-30/1763516860.json"
"2018322","2025903","2025-11-30","81.00","NZD","1763516860","335271/2025-11-30/1763516860.json"
"2018322","2025948","2025-11-30","76.95","NZD","1763516860","335271/2025-11-30/1763516860.json"
"2018318","2025899","2025-11-30","86.00","NZD","1763516860","335271/2025-11-30/1763516860.json"
"2018318","2025943","2025-11-30","81.70","NZD","1763516860","335271/2025-11-30/1763516860.json"
"2018319","2025900","2025-11-30","86.00","NZD","1763516860","335271/2025-11-30/1763516860.json"
"2018319","2025945","2025-11-30","81.70","NZD","1763516860","335271/2025-11-30/1763516860.json"
"2018323","2025904","2025-12-02","79.00","NZD","1763516860","335271/2025-12-02/1763516860.json"
"2018323","2025954","2025-12-02","75.05","NZD","1763516860","335271/2025-12-02/1763516860.json"
"2018326","2025907","2025-12-02","84.00","NZD","1763516860","335271/2025-12-02/1763516860.json"
"2018326","2025952","2025-12-02","79.80","NZD","1763516860","335271/2025-12-02/1763516860.json"
"2018325","2025906","2025-12-02","84.00","NZD","1763516860","335271/2025-12-02/1763516860.json"
"2018325","2025953","2025-12-02","79.80","NZD","1763516860","335271/2025-12-02/1763516860.json"
"2018320","2025901","2025-12-02","89.00","NZD","1763516860","335271/2025-12-02/1763516860.json"
"2018320","2025950","2025-12-02","84.55","NZD","1763516860","335271/2025-12-02/1763516860.json"
"2018322","2025903","2025-12-02","94.00","NZD","1763516860","335271/2025-12-02/1763516860.json"
"2018322","2025948","2025-12-02","89.30","NZD","1763516860","335271/2025-12-02/1763516860.json"
"2018327","2025908","2025-12-02","94.00","NZD","1763516860","335271/2025-12-02/1763516860.json"
"2018327","2025951","2025-12-02","89.30","NZD","1763516860","335271/2025-12-02/1763516860.json"
"2018321","2025902","2025-12-02","94.00","NZD","1763516860","335271/2025-12-02/1763516860.json"
"2018321","2025949","2025-12-02","89.30","NZD","1763516860","335271/2025-12-02/1763516860.json"
"2018317","2025898","2025-12-02","94.00","NZD","1763516860","335271/2025-12-02/1763516860.json"
"2018317","2025944","2025-12-02","89.30","NZD","1763516860","335271/2025-12-02/1763516860.json"
"2018319","2025900","2025-12-02","99.00","NZD","1763516860","335271/2025-12-02/1763516860.json"
"2018319","2025945","2025-12-02","94.05","NZD","1763516860","335271/2025-12-02/1763516860.json"
"2018318","2025899","2025-12-02","99.00","NZD","1763516860","335271/2025-12-02/1763516860.json"
"2018318","2025943","2025-12-02","94.05","NZD","1763516860","335271/2025-12-02/1763516860.json"
"2018323","2025904","2025-12-03","66.00","NZD","1763516860","335271/2025-12-03/1763516860.json"
"2018323","2025954","2025-12-03","62.70","NZD","1763516860","335271/2025-12-03/1763516860.json"
"2018326","2025907","2025-12-03","71.00","NZD","1763516860","335271/2025-12-03/1763516860.json"
"2018326","2025952","2025-12-03","67.45","NZD","1763516860","335271/2025-12-03/1763516860.json"
"2018325","2025906","2025-12-03","71.00","NZD","1763516860","335271/2025-12-03/1763516860.json"
"2018325","2025953","2025-12-03","67.45","NZD","1763516860","335271/2025-12-03/1763516860.json"
"2018320","2025901","2025-12-03","76.00","NZD","1763516860","335271/2025-12-03/1763516860.json"
"2018320","2025950","2025-12-03","72.20","NZD","1763516860","335271/2025-12-03/1763516860.json"
"2018321","2025902","2025-12-03","81.00","NZD","1763516860","335271/2025-12-03/1763516860.json"
"2018321","2025949","2025-12-03","76.95","NZD","1763516860","335271/2025-12-03/1763516860.json"
"2018327","2025908","2025-12-03","81.00","NZD","1763516860","335271/2025-12-03/1763516860.json"
"2018327","2025951","2025-12-03","76.95","NZD","1763516860","335271/2025-12-03/1763516860.json"
"2018317","2025898","2025-12-03","81.00","NZD","1763516860","335271/2025-12-03/1763516860.json"
"2018317","2025944","2025-12-03","76.95","NZD","1763516860","335271/2025-12-03/1763516860.json"
"2018322","2025903","2025-12-03","81.00","NZD","1763516860","335271/2025-12-03/1763516860.json"
"2018322","2025948","2025-12-03","76.95","NZD","1763516860","335271/2025-12-03/1763516860.json"
"2018318","2025899","2025-12-03","86.00","NZD","1763516860","335271/2025-12-03/1763516860.json"
"2018318","2025943","2025-12-03","81.70","NZD","1763516860","335271/2025-12-03/1763516860.json"
"2018319","2025900","2025-12-03","86.00","NZD","1763516860","335271/2025-12-03/1763516860.json"
"2018319","2025945","2025-12-03","81.70","NZD","1763516860","335271/2025-12-03/1763516860.json"
"2018323","2025904","2025-12-01","66.00","NZD","1763516860","335271/2025-12-01/1763516860.json"
"2018323","2025954","2025-12-01","62.70","NZD","1763516860","335271/2025-12-01/1763516860.json"
"2018326","2025907","2025-12-01","71.00","NZD","1763516860","335271/2025-12-01/1763516860.json"
"2018326","2025952","2025-12-01","67.45","NZD","1763516860","335271/2025-12-01/1763516860.json"
"2018325","2025906","2025-12-01","71.00","NZD","1763516860","335271/2025-12-01/1763516860.json"
"2018325","2025953","2025-12-01","67.45","NZD","1763516860","335271/2025-12-01/1763516860.json"
"2018320","2025901","2025-12-01","76.00","NZD","1763516860","335271/2025-12-01/1763516860.json"
"2018320","2025950","2025-12-01","72.20","NZD","1763516860","335271/2025-12-01/1763516860.json"
"2018321","2025902","2025-12-01","81.00","NZD","1763516860","335271/2025-12-01/1763516860.json"
"2018321","2025949","2025-12-01","76.95","NZD","1763516860","335271/2025-12-01/1763516860.json"
"2018327","2025908","2025-12-01","81.00","NZD","1763516860","335271/2025-12-01/1763516860.json"
"2018327","2025951","2025-12-01","76.95","NZD","1763516860","335271/2025-12-01/1763516860.json"
"2018317","2025898","2025-12-01","81.00","NZD","1763516860","335271/2025-12-01/1763516860.json"
"2018317","2025944","2025-12-01","76.95","NZD","1763516860","335271/2025-12-01/1763516860.json"
"2018322","2025903","2025-12-01","81.00","NZD","1763516860","335271/2025-12-01/1763516860.json"
"2018322","2025948","2025-12-01","76.95","NZD","1763516860","335271/2025-12-01/1763516860.json"
"2018318","2025899","2025-12-01","86.00","NZD","1763516860","335271/2025-12-01/1763516860.json"
"2018318","2025943","2025-12-01","81.70","NZD","1763516860","335271/2025-12-01/1763516860.json"
"2018319","2025900","2025-12-01","86.00","NZD","1763516860","335271/2025-12-01/1763516860.json"
"2018319","2025945","2025-12-01","81.70","NZD","1763516860","335271/2025-12-01/1763516860.json"
"2018323","2025904","2025-12-04","66.00","NZD","1763516860","335271/2025-12-04/1763516860.json"
"2018323","2025954","2025-12-04","62.70","NZD","1763516860","335271/2025-12-04/1763516860.json"
"2018326","2025907","2025-12-04","71.00","NZD","1763516860","335271/2025-12-04/1763516860.json"
"2018326","2025952","2025-12-04","67.45","NZD","1763516860","335271/2025-12-04/1763516860.json"
"2018325","2025906","2025-12-04","71.00","NZD","1763516860","335271/2025-12-04/1763516860.json"
"2018325","2025953","2025-12-04","67.45","NZD","1763516860","335271/2025-12-04/1763516860.json"
"2018320","2025901","2025-12-04","76.00","NZD","1763516860","335271/2025-12-04/1763516860.json"
"2018320","2025950","2025-12-04","72.20","NZD","1763516860","335271/2025-12-04/1763516860.json"
"2018322","2025903","2025-12-04","81.00","NZD","1763516860","335271/2025-12-04/1763516860.json"
"2018322","2025948","2025-12-04","76.95","NZD","1763516860","335271/2025-12-04/1763516860.json"
"2018327","2025908","2025-12-04","81.00","NZD","1763516860","335271/2025-12-04/1763516860.json"
"2018327","2025951","2025-12-04","76.95","NZD","1763516860","335271/2025-12-04/1763516860.json"
"2018321","2025902","2025-12-04","81.00","NZD","1763516860","335271/2025-12-04/1763516860.json"
"2018321","2025949","2025-12-04","76.95","NZD","1763516860","335271/2025-12-04/1763516860.json"
"2018317","2025898","2025-12-04","81.00","NZD","1763516860","335271/2025-12-04/1763516860.json"
"2018317","2025944","2025-12-04","76.95","NZD","1763516860","335271/2025-12-04/1763516860.json"
"2018319","2025900","2025-12-04","86.00","NZD","1763516860","335271/2025-12-04/1763516860.json"
"2018319","2025945","2025-12-04","81.70","NZD","1763516860","335271/2025-12-04/1763516860.json"
"2018318","2025899","2025-12-04","86.00","NZD","1763516860","335271/2025-12-04/1763516860.json"
"2018318","2025943","2025-12-04","81.70","NZD","1763516860","335271/2025-12-04/1763516860.json"
"2018323","2025904","2025-12-07","66.00","NZD","1763516860","335271/2025-12-07/1763516860.json"
"2018323","2025954","2025-12-07","62.70","NZD","1763516860","335271/2025-12-07/1763516860.json"
"2018326","2025907","2025-12-07","71.00","NZD","1763516860","335271/2025-12-07/1763516860.json"
"2018326","2025952","2025-12-07","67.45","NZD","1763516860","335271/2025-12-07/1763516860.json"
"2018325","2025906","2025-12-07","71.00","NZD","1763516860","335271/2025-12-07/1763516860.json"
"2018325","2025953","2025-12-07","67.45","NZD","1763516860","335271/2025-12-07/1763516860.json"
"2018320","2025901","2025-12-07","76.00","NZD","1763516860","335271/2025-12-07/1763516860.json"
"2018320","2025950","2025-12-07","72.20","NZD","1763516860","335271/2025-12-07/1763516860.json"
"2018321","2025902","2025-12-07","81.00","NZD","1763516860","335271/2025-12-07/1763516860.json"
"2018321","2025949","2025-12-07","76.95","NZD","1763516860","335271/2025-12-07/1763516860.json"
"2018327","2025908","2025-12-07","81.00","NZD","1763516860","335271/2025-12-07/1763516860.json"
"2018327","2025951","2025-12-07","76.95","NZD","1763516860","335271/2025-12-07/1763516860.json"
"2018317","2025898","2025-12-07","81.00","NZD","1763516860","335271/2025-12-07/1763516860.json"
"2018317","2025944","2025-12-07","76.95","NZD","1763516860","335271/2025-12-07/1763516860.json"
"2018322","2025903","2025-12-07","81.00","NZD","1763516860","335271/2025-12-07/1763516860.json"
"2018322","2025948","2025-12-07","76.95","NZD","1763516860","335271/2025-12-07/1763516860.json"
"2018318","2025899","2025-12-07","86.00","NZD","1763516860","335271/2025-12-07/1763516860.json"
"2018318","2025943","2025-12-07","81.70","NZD","1763516860","335271/2025-12-07/1763516860.json"
"2018319","2025900","2025-12-07","86.00","NZD","1763516860","335271/2025-12-07/1763516860.json"
"2018319","2025945","2025-12-07","81.70","NZD","1763516860","335271/2025-12-07/1763516860.json"
"2018323","2025904","2025-12-06","66.00","NZD","1763516860","335271/2025-12-06/1763516860.json"
"2018323","2025954","2025-12-06","62.70","NZD","1763516860","335271/2025-12-06/1763516860.json"
"2018326","2025907","2025-12-06","71.00","NZD","1763516860","335271/2025-12-06/1763516860.json"
"2018326","2025952","2025-12-06","67.45","NZD","1763516860","335271/2025-12-06/1763516860.json"
"2018325","2025906","2025-12-06","71.00","NZD","1763516860","335271/2025-12-06/1763516860.json"
"2018325","2025953","2025-12-06","67.45","NZD","1763516860","335271/2025-12-06/1763516860.json"
"2018320","2025901","2025-12-06","76.00","NZD","1763516860","335271/2025-12-06/1763516860.json"
"2018320","2025950","2025-12-06","72.20","NZD","1763516860","335271/2025-12-06/1763516860.json"
"2018321","2025902","2025-12-06","81.00","NZD","1763516860","335271/2025-12-06/1763516860.json"
"2018321","2025949","2025-12-06","76.95","NZD","1763516860","335271/2025-12-06/1763516860.json"
"2018327","2025908","2025-12-06","81.00","NZD","1763516860","335271/2025-12-06/1763516860.json"
"2018327","2025951","2025-12-06","76.95","NZD","1763516860","335271/2025-12-06/1763516860.json"
"2018317","2025898","2025-12-06","81.00","NZD","1763516860","335271/2025-12-06/1763516860.json"
"2018317","2025944","2025-12-06","76.95","NZD","1763516860","335271/2025-12-06/1763516860.json"
"2018322","2025903","2025-12-06","81.00","NZD","1763516860","335271/2025-12-06/1763516860.json"
"2018322","2025948","2025-12-06","76.95","NZD","1763516860","335271/2025-12-06/1763516860.json"
"2018318","2025899","2025-12-06","86.00","NZD","1763516860","335271/2025-12-06/1763516860.json"
"2018318","2025943","2025-12-06","81.70","NZD","1763516860","335271/2025-12-06/1763516860.json"
"2018319","2025900","2025-12-06","86.00","NZD","1763516860","335271/2025-12-06/1763516860.json"
"2018319","2025945","2025-12-06","81.70","NZD","1763516860","335271/2025-12-06/1763516860.json"
"2018323","2025904","2025-12-05","66.00","NZD","1763516860","335271/2025-12-05/1763516860.json"
"2018323","2025954","2025-12-05","62.70","NZD","1763516860","335271/2025-12-05/1763516860.json"
"2018326","2025907","2025-12-05","71.00","NZD","1763516860","335271/2025-12-05/1763516860.json"
"2018326","2025952","2025-12-05","67.45","NZD","1763516860","335271/2025-12-05/1763516860.json"
"2018325","2025906","2025-12-05","71.00","NZD","1763516860","335271/2025-12-05/1763516860.json"
"2018325","2025953","2025-12-05","67.45","NZD","1763516860","335271/2025-12-05/1763516860.json"
"2018320","2025901","2025-12-05","76.00","NZD","1763516860","335271/2025-12-05/1763516860.json"
"2018320","2025950","2025-12-05","72.20","NZD","1763516860","335271/2025-12-05/1763516860.json"
"2018321","2025902","2025-12-05","81.00","NZD","1763516860","335271/2025-12-05/1763516860.json"
"2018321","2025949","2025-12-05","76.95","NZD","1763516860","335271/2025-12-05/1763516860.json"
"2018327","2025908","2025-12-05","81.00","NZD","1763516860","335271/2025-12-05/1763516860.json"
"2018327","2025951","2025-12-05","76.95","NZD","1763516860","335271/2025-12-05/1763516860.json"
"2018317","2025898","2025-12-05","81.00","NZD","1763516860","335271/2025-12-05/1763516860.json"
"2018317","2025944","2025-12-05","76.95","NZD","1763516860","335271/2025-12-05/1763516860.json"
"2018322","2025903","2025-12-05","81.00","NZD","1763516860","335271/2025-12-05/1763516860.json"
"2018322","2025948","2025-12-05","76.95","NZD","1763516860","335271/2025-12-05/1763516860.json"
"2018318","2025899","2025-12-05","86.00","NZD","1763516860","335271/2025-12-05/1763516860.json"
"2018318","2025943","2025-12-05","81.70","NZD","1763516860","335271/2025-12-05/1763516860.json"
"2018319","2025900","2025-12-05","86.00","NZD","1763516860","335271/2025-12-05/1763516860.json"
"2018319","2025945","2025-12-05","81.70","NZD","1763516860","335271/2025-12-05/1763516860.json"
"2018323","2025904","2025-12-08","66.00","NZD","1763516860","335271/2025-12-08/1763516860.json"
"2018323","2025954","2025-12-08","62.70","NZD","1763516860","335271/2025-12-08/1763516860.json"
"2018326","2025907","2025-12-08","71.00","NZD","1763516860","335271/2025-12-08/1763516860.json"
"2018326","2025952","2025-12-08","67.45","NZD","1763516860","335271/2025-12-08/1763516860.json"
"2018325","2025906","2025-12-08","71.00","NZD","1763516860","335271/2025-12-08/1763516860.json"
"2018325","2025953","2025-12-08","67.45","NZD","1763516860","335271/2025-12-08/1763516860.json"
"2018320","2025901","2025-12-08","76.00","NZD","1763516860","335271/2025-12-08/1763516860.json"
"2018320","2025950","2025-12-08","72.20","NZD","1763516860","335271/2025-12-08/1763516860.json"
"2018321","2025902","2025-12-08","81.00","NZD","1763516860","335271/2025-12-08/1763516860.json"
"2018321","2025949","2025-12-08","76.95","NZD","1763516860","335271/2025-12-08/1763516860.json"
"2018327","2025908","2025-12-08","81.00","NZD","1763516860","335271/2025-12-08/1763516860.json"
"2018327","2025951","2025-12-08","76.95","NZD","1763516860","335271/2025-12-08/1763516860.json"
"2018317","2025898","2025-12-08","81.00","NZD","1763516860","335271/2025-12-08/1763516860.json"
"2018317","2025944","2025-12-08","76.95","NZD","1763516860","335271/2025-12-08/1763516860.json"
"2018322","2025903","2025-12-08","81.00","NZD","1763516860","335271/2025-12-08/1763516860.json"
"2018322","2025948","2025-12-08","76.95","NZD","1763516860","335271/2025-12-08/1763516860.json"
"2018318","2025899","2025-12-08","86.00","NZD","1763516860","335271/2025-12-08/1763516860.json"
"2018318","2025943","2025-12-08","81.70","NZD","1763516860","335271/2025-12-08/1763516860.json"
"2018319","2025900","2025-12-08","86.00","NZD","1763516860","335271/2025-12-08/1763516860.json"
"2018319","2025945","2025-12-08","81.70","NZD","1763516860","335271/2025-12-08/1763516860.json"
"2018323","2025904","2025-12-09","66.00","NZD","1763516860","335271/2025-12-09/1763516860.json"
"2018323","2025904","2025-12-10","66.00","NZD","1763516860","335271/2025-12-10/1763516860.json"
"2018323","2025954","2025-12-09","62.70","NZD","1763516860","335271/2025-12-09/1763516860.json"
"2018323","2025954","2025-12-10","62.70","NZD","1763516860","335271/2025-12-10/1763516860.json"
"2018326","2025907","2025-12-10","71.00","NZD","1763516860","335271/2025-12-10/1763516860.json"
"2018326","2025907","2025-12-09","71.00","NZD","1763516860","335271/2025-12-09/1763516860.json"
"2018326","2025952","2025-12-10","67.45","NZD","1763516860","335271/2025-12-10/1763516860.json"
"2018325","2025906","2025-12-10","71.00","NZD","1763516860","335271/2025-12-10/1763516860.json"
"2018326","2025952","2025-12-09","67.45","NZD","1763516860","335271/2025-12-09/1763516860.json"
"2018325","2025953","2025-12-10","67.45","NZD","1763516860","335271/2025-12-10/1763516860.json"
"2018320","2025901","2025-12-10","76.00","NZD","1763516860","335271/2025-12-10/1763516860.json"
"2018325","2025906","2025-12-09","71.00","NZD","1763516860","335271/2025-12-09/1763516860.json"
"2018320","2025950","2025-12-10","72.20","NZD","1763516860","335271/2025-12-10/1763516860.json"
"2018325","2025953","2025-12-09","67.45","NZD","1763516860","335271/2025-12-09/1763516860.json"
"2018321","2025902","2025-12-10","81.00","NZD","1763516860","335271/2025-12-10/1763516860.json"
"2018321","2025949","2025-12-10","76.95","NZD","1763516860","335271/2025-12-10/1763516860.json"
"2018320","2025901","2025-12-09","76.00","NZD","1763516860","335271/2025-12-09/1763516860.json"
"2018327","2025908","2025-12-10","81.00","NZD","1763516860","335271/2025-12-10/1763516860.json"
"2018320","2025950","2025-12-09","72.20","NZD","1763516860","335271/2025-12-09/1763516860.json"
"2018327","2025951","2025-12-10","76.95","NZD","1763516860","335271/2025-12-10/1763516860.json"
"2018321","2025902","2025-12-09","81.00","NZD","1763516860","335271/2025-12-09/1763516860.json"
"2018317","2025898","2025-12-10","81.00","NZD","1763516860","335271/2025-12-10/1763516860.json"
"2018321","2025949","2025-12-09","76.95","NZD","1763516860","335271/2025-12-09/1763516860.json"
"2018317","2025944","2025-12-10","76.95","NZD","1763516860","335271/2025-12-10/1763516860.json"
"2018327","2025908","2025-12-09","81.00","NZD","1763516860","335271/2025-12-09/1763516860.json"
"2018322","2025903","2025-12-10","81.00","NZD","1763516860","335271/2025-12-10/1763516860.json"
"2018327","2025951","2025-12-09","76.95","NZD","1763516860","335271/2025-12-09/1763516860.json"
"2018322","2025948","2025-12-10","76.95","NZD","1763516860","335271/2025-12-10/1763516860.json"
"2018317","2025898","2025-12-09","81.00","NZD","1763516860","335271/2025-12-09/1763516860.json"
"2018318","2025899","2025-12-10","86.00","NZD","1763516860","335271/2025-12-10/1763516860.json"
"2018317","2025944","2025-12-09","76.95","NZD","1763516860","335271/2025-12-09/1763516860.json"
"2018318","2025943","2025-12-10","81.70","NZD","1763516860","335271/2025-12-10/1763516860.json"
"2018322","2025903","2025-12-09","81.00","NZD","1763516860","335271/2025-12-09/1763516860.json"
"2018319","2025900","2025-12-10","86.00","NZD","1763516860","335271/2025-12-10/1763516860.json"
"2018322","2025948","2025-12-09","76.95","NZD","1763516860","335271/2025-12-09/1763516860.json"
"2018319","2025945","2025-12-10","81.70","NZD","1763516860","335271/2025-12-10/1763516860.json"
"2018318","2025899","2025-12-09","86.00","NZD","1763516860","335271/2025-12-09/1763516860.json"
"2018318","2025943","2025-12-09","81.70","NZD","1763516860","335271/2025-12-09/1763516860.json"
"2018319","2025900","2025-12-09","86.00","NZD","1763516860","335271/2025-12-09/1763516860.json"
"2018319","2025945","2025-12-09","81.70","NZD","1763516860","335271/2025-12-09/1763516860.json"
"2018323","2025904","2025-12-12","66.00","NZD","1763516860","335271/2025-12-12/1763516860.json"
"2018323","2025954","2025-12-12","62.70","NZD","1763516860","335271/2025-12-12/1763516860.json"
"2018326","2025907","2025-12-12","71.00","NZD","1763516860","335271/2025-12-12/1763516860.json"
"2018326","2025952","2025-12-12","67.45","NZD","1763516860","335271/2025-12-12/1763516860.json"
"2018325","2025906","2025-12-12","71.00","NZD","1763516860","335271/2025-12-12/1763516860.json"
"2018325","2025953","2025-12-12","67.45","NZD","1763516860","335271/2025-12-12/1763516860.json"
"2018320","2025901","2025-12-12","76.00","NZD","1763516860","335271/2025-12-12/1763516860.json"
"2018320","2025950","2025-12-12","72.20","NZD","1763516860","335271/2025-12-12/1763516860.json"
"2018322","2025903","2025-12-12","81.00","NZD","1763516860","335271/2025-12-12/1763516860.json"
"2018322","2025948","2025-12-12","76.95","NZD","1763516860","335271/2025-12-12/1763516860.json"
"2018327","2025908","2025-12-12","81.00","NZD","1763516860","335271/2025-12-12/1763516860.json"
"2018327","2025951","2025-12-12","76.95","NZD","1763516860","335271/2025-12-12/1763516860.json"
"2018317","2025898","2025-12-12","81.00","NZD","1763516860","335271/2025-12-12/1763516860.json"
"2018317","2025944","2025-12-12","76.95","NZD","1763516860","335271/2025-12-12/1763516860.json"
"2018321","2025902","2025-12-12","81.00","NZD","1763516860","335271/2025-12-12/1763516860.json"
"2018321","2025949","2025-12-12","76.95","NZD","1763516860","335271/2025-12-12/1763516860.json"
"2018318","2025899","2025-12-12","86.00","NZD","1763516860","335271/2025-12-12/1763516860.json"
"2018318","2025943","2025-12-12","81.70","NZD","1763516860","335271/2025-12-12/1763516860.json"
"2018319","2025900","2025-12-12","86.00","NZD","1763516860","335271/2025-12-12/1763516860.json"
"2018319","2025945","2025-12-12","81.70","NZD","1763516860","335271/2025-12-12/1763516860.json"
"2018323","2025904","2025-12-11","66.00","NZD","1763516860","335271/2025-12-11/1763516860.json"
"2018323","2025954","2025-12-11","62.70","NZD","1763516860","335271/2025-12-11/1763516860.json"
"2018326","2025907","2025-12-11","71.00","NZD","1763516860","335271/2025-12-11/1763516860.json"
"2018326","2025952","2025-12-11","67.45","NZD","1763516860","335271/2025-12-11/1763516860.json"
"2018325","2025906","2025-12-11","71.00","NZD","1763516860","335271/2025-12-11/1763516860.json"
"2018325","2025953","2025-12-11","67.45","NZD","1763516860","335271/2025-12-11/1763516860.json"
"2018320","2025901","2025-12-11","76.00","NZD","1763516860","335271/2025-12-11/1763516860.json"
"2018320","2025950","2025-12-11","72.20","NZD","1763516860","335271/2025-12-11/1763516860.json"
"2018321","2025902","2025-12-11","81.00","NZD","1763516860","335271/2025-12-11/1763516860.json"
"2018321","2025949","2025-12-11","76.95","NZD","1763516860","335271/2025-12-11/1763516860.json"
"2018327","2025908","2025-12-11","81.00","NZD","1763516860","335271/2025-12-11/1763516860.json"
"2018327","2025951","2025-12-11","76.95","NZD","1763516860","335271/2025-12-11/1763516860.json"
"2018317","2025898","2025-12-11","81.00","NZD","1763516860","335271/2025-12-11/1763516860.json"
"2018317","2025944","2025-12-11","76.95","NZD","1763516860","335271/2025-12-11/1763516860.json"
"2018322","2025903","2025-12-11","81.00","NZD","1763516860","335271/2025-12-11/1763516860.json"
"2018322","2025948","2025-12-11","76.95","NZD","1763516860","335271/2025-12-11/1763516860.json"
"2018318","2025899","2025-12-11","86.00","NZD","1763516860","335271/2025-12-11/1763516860.json"
"2018318","2025943","2025-12-11","81.70","NZD","1763516860","335271/2025-12-11/1763516860.json"
"2018319","2025900","2025-12-11","86.00","NZD","1763516860","335271/2025-12-11/1763516860.json"
"2018319","2025945","2025-12-11","81.70","NZD","1763516860","335271/2025-12-11/1763516860.json"
"2018323","2025904","2025-12-13","66.00","NZD","1763516860","335271/2025-12-13/1763516860.json"
"2018323","2025954","2025-12-13","62.70","NZD","1763516860","335271/2025-12-13/1763516860.json"
"2018326","2025907","2025-12-13","71.00","NZD","1763516860","335271/2025-12-13/1763516860.json"
"2018326","2025952","2025-12-13","67.45","NZD","1763516860","335271/2025-12-13/1763516860.json"
"2018325","2025906","2025-12-13","71.00","NZD","1763516860","335271/2025-12-13/1763516860.json"
"2018325","2025953","2025-12-13","67.45","NZD","1763516860","335271/2025-12-13/1763516860.json"
"2018320","2025901","2025-12-13","76.00","NZD","1763516860","335271/2025-12-13/1763516860.json"
"2018320","2025950","2025-12-13","72.20","NZD","1763516860","335271/2025-12-13/1763516860.json"
"2018321","2025902","2025-12-13","81.00","NZD","1763516860","335271/2025-12-13/1763516860.json"
"2018321","2025949","2025-12-13","76.95","NZD","1763516860","335271/2025-12-13/1763516860.json"
"2018327","2025908","2025-12-13","81.00","NZD","1763516860","335271/2025-12-13/1763516860.json"
"2018327","2025951","2025-12-13","76.95","NZD","1763516860","335271/2025-12-13/1763516860.json"
"2018317","2025898","2025-12-13","81.00","NZD","1763516860","335271/2025-12-13/1763516860.json"
"2018317","2025944","2025-12-13","76.95","NZD","1763516860","335271/2025-12-13/1763516860.json"
"2018322","2025903","2025-12-13","81.00","NZD","1763516860","335271/2025-12-13/1763516860.json"
"2018322","2025948","2025-12-13","76.95","NZD","1763516860","335271/2025-12-13/1763516860.json"
"2018318","2025899","2025-12-13","86.00","NZD","1763516860","335271/2025-12-13/1763516860.json"
"2018318","2025943","2025-12-13","81.70","NZD","1763516860","335271/2025-12-13/1763516860.json"
"2018319","2025900","2025-12-13","86.00","NZD","1763516860","335271/2025-12-13/1763516860.json"
"2018319","2025945","2025-12-13","81.70","NZD","1763516860","335271/2025-12-13/1763516860.json"
"2018323","2025904","2025-12-14","66.00","NZD","1763516860","335271/2025-12-14/1763516860.json"
"2018323","2025954","2025-12-14","62.70","NZD","1763516860","335271/2025-12-14/1763516860.json"
"2018326","2025907","2025-12-14","71.00","NZD","1763516860","335271/2025-12-14/1763516860.json"
"2018326","2025952","2025-12-14","67.45","NZD","1763516860","335271/2025-12-14/1763516860.json"
"2018325","2025906","2025-12-14","71.00","NZD","1763516860","335271/2025-12-14/1763516860.json"
"2018325","2025953","2025-12-14","67.45","NZD","1763516860","335271/2025-12-14/1763516860.json"
"2018320","2025901","2025-12-14","76.00","NZD","1763516860","335271/2025-12-14/1763516860.json"
"2018320","2025950","2025-12-14","72.20","NZD","1763516860","335271/2025-12-14/1763516860.json"
"2018321","2025902","2025-12-14","81.00","NZD","1763516860","335271/2025-12-14/1763516860.json"
"2018321","2025949","2025-12-14","76.95","NZD","1763516860","335271/2025-12-14/1763516860.json"
"2018327","2025908","2025-12-14","81.00","NZD","1763516860","335271/2025-12-14/1763516860.json"
"2018327","2025951","2025-12-14","76.95","NZD","1763516860","335271/2025-12-14/1763516860.json"
"2018317","2025898","2025-12-14","81.00","NZD","1763516860","335271/2025-12-14/1763516860.json"
"2018317","2025944","2025-12-14","76.95","NZD","1763516860","335271/2025-12-14/1763516860.json"
"2018322","2025903","2025-12-14","81.00","NZD","1763516860","335271/2025-12-14/1763516860.json"
"2018322","2025948","2025-12-14","76.95","NZD","1763516860","335271/2025-12-14/1763516860.json"
"2018318","2025899","2025-12-14","86.00","NZD","1763516860","335271/2025-12-14/1763516860.json"
"2018318","2025943","2025-12-14","81.70","NZD","1763516860","335271/2025-12-14/1763516860.json"
"2018319","2025900","2025-12-14","86.00","NZD","1763516860","335271/2025-12-14/1763516860.json"
"2018319","2025945","2025-12-14","81.70","NZD","1763516860","335271/2025-12-14/1763516860.json"
"2018323","2025904","2025-12-16","66.00","NZD","1763516860","335271/2025-12-16/1763516860.json"
"2018323","2025954","2025-12-16","62.70","NZD","1763516860","335271/2025-12-16/1763516860.json"
"2018326","2025907","2025-12-16","71.00","NZD","1763516860","335271/2025-12-16/1763516860.json"
"2018326","2025952","2025-12-16","67.45","NZD","1763516860","335271/2025-12-16/1763516860.json"
"2018325","2025906","2025-12-16","71.00","NZD","1763516860","335271/2025-12-16/1763516860.json"
"2018325","2025953","2025-12-16","67.45","NZD","1763516860","335271/2025-12-16/1763516860.json"
"2018320","2025901","2025-12-16","76.00","NZD","1763516860","335271/2025-12-16/1763516860.json"
"2018320","2025950","2025-12-16","72.20","NZD","1763516860","335271/2025-12-16/1763516860.json"
"2018321","2025902","2025-12-16","81.00","NZD","1763516860","335271/2025-12-16/1763516860.json"
"2018321","2025949","2025-12-16","76.95","NZD","1763516860","335271/2025-12-16/1763516860.json"
"2018327","2025908","2025-12-16","81.00","NZD","1763516860","335271/2025-12-16/1763516860.json"
"2018327","2025951","2025-12-16","76.95","NZD","1763516860","335271/2025-12-16/1763516860.json"
"2018317","2025898","2025-12-16","81.00","NZD","1763516860","335271/2025-12-16/1763516860.json"
"2018317","2025944","2025-12-16","76.95","NZD","1763516860","335271/2025-12-16/1763516860.json"
"2018322","2025903","2025-12-16","81.00","NZD","1763516860","335271/2025-12-16/1763516860.json"
"2018322","2025948","2025-12-16","76.95","NZD","1763516860","335271/2025-12-16/1763516860.json"
"2018318","2025899","2025-12-16","86.00","NZD","1763516860","335271/2025-12-16/1763516860.json"
"2018318","2025943","2025-12-16","81.70","NZD","1763516860","335271/2025-12-16/1763516860.json"
"2018319","2025900","2025-12-16","86.00","NZD","1763516860","335271/2025-12-16/1763516860.json"
"2018319","2025945","2025-12-16","81.70","NZD","1763516860","335271/2025-12-16/1763516860.json"
"2018323","2025904","2025-12-15","66.00","NZD","1763516860","335271/2025-12-15/1763516860.json"
"2018323","2025954","2025-12-15","62.70","NZD","1763516860","335271/2025-12-15/1763516860.json"
"2018326","2025907","2025-12-15","71.00","NZD","1763516860","335271/2025-12-15/1763516860.json"
"2018326","2025952","2025-12-15","67.45","NZD","1763516860","335271/2025-12-15/1763516860.json"
"2018325","2025906","2025-12-15","71.00","NZD","1763516860","335271/2025-12-15/1763516860.json"
"2018325","2025953","2025-12-15","67.45","NZD","1763516860","335271/2025-12-15/1763516860.json"
"2018320","2025901","2025-12-15","76.00","NZD","1763516860","335271/2025-12-15/1763516860.json"
"2018320","2025950","2025-12-15","72.20","NZD","1763516860","335271/2025-12-15/1763516860.json"
"2018321","2025902","2025-12-15","81.00","NZD","1763516860","335271/2025-12-15/1763516860.json"
"2018321","2025949","2025-12-15","76.95","NZD","1763516860","335271/2025-12-15/1763516860.json"
"2018327","2025908","2025-12-15","81.00","NZD","1763516860","335271/2025-12-15/1763516860.json"
"2018327","2025951","2025-12-15","76.95","NZD","1763516860","335271/2025-12-15/1763516860.json"
"2018317","2025898","2025-12-15","81.00","NZD","1763516860","335271/2025-12-15/1763516860.json"
"2018317","2025944","2025-12-15","76.95","NZD","1763516860","335271/2025-12-15/1763516860.json"
"2018322","2025903","2025-12-15","81.00","NZD","1763516860","335271/2025-12-15/1763516860.json"
"2018322","2025948","2025-12-15","76.95","NZD","1763516860","335271/2025-12-15/1763516860.json"
"2018318","2025899","2025-12-15","86.00","NZD","1763516860","335271/2025-12-15/1763516860.json"
"2018318","2025943","2025-12-15","81.70","NZD","1763516860","335271/2025-12-15/1763516860.json"
"2018319","2025900","2025-12-15","86.00","NZD","1763516860","335271/2025-12-15/1763516860.json"
"2018319","2025945","2025-12-15","81.70","NZD","1763516860","335271/2025-12-15/1763516860.json"
"2018323","2025904","2025-12-17","66.00","NZD","1763516860","335271/2025-12-17/1763516860.json"
"2018323","2025954","2025-12-17","62.70","NZD","1763516860","335271/2025-12-17/1763516860.json"
"2018326","2025907","2025-12-17","71.00","NZD","1763516860","335271/2025-12-17/1763516860.json"
"2018326","2025952","2025-12-17","67.45","NZD","1763516860","335271/2025-12-17/1763516860.json"
"2018325","2025906","2025-12-17","71.00","NZD","1763516860","335271/2025-12-17/1763516860.json"
"2018325","2025953","2025-12-17","67.45","NZD","1763516860","335271/2025-12-17/1763516860.json"
"2018320","2025901","2025-12-17","76.00","NZD","1763516860","335271/2025-12-17/1763516860.json"
"2018320","2025950","2025-12-17","72.20","NZD","1763516860","335271/2025-12-17/1763516860.json"
"2018321","2025902","2025-12-17","81.00","NZD","1763516860","335271/2025-12-17/1763516860.json"
"2018321","2025949","2025-12-17","76.95","NZD","1763516860","335271/2025-12-17/1763516860.json"
"2018327","2025908","2025-12-17","81.00","NZD","1763516860","335271/2025-12-17/1763516860.json"
"2018327","2025951","2025-12-17","76.95","NZD","1763516860","335271/2025-12-17/1763516860.json"
"2018317","2025898","2025-12-17","81.00","NZD","1763516860","335271/2025-12-17/1763516860.json"
"2018317","2025944","2025-12-17","76.95","NZD","1763516860","335271/2025-12-17/1763516860.json"
"2018322","2025903","2025-12-17","81.00","NZD","1763516860","335271/2025-12-17/1763516860.json"
"2018322","2025948","2025-12-17","76.95","NZD","1763516860","335271/2025-12-17/1763516860.json"
"2018318","2025899","2025-12-17","86.00","NZD","1763516860","335271/2025-12-17/1763516860.json"
"2018318","2025943","2025-12-17","81.70","NZD","1763516860","335271/2025-12-17/1763516860.json"
"2018319","2025900","2025-12-17","86.00","NZD","1763516860","335271/2025-12-17/1763516860.json"
"2018319","2025945","2025-12-17","81.70","NZD","1763516860","335271/2025-12-17/1763516860.json"
"2018323","2025904","2025-12-18","66.00","NZD","1763516860","335271/2025-12-18/1763516860.json"
"2018323","2025954","2025-12-18","62.70","NZD","1763516860","335271/2025-12-18/1763516860.json"
"2018326","2025907","2025-12-18","71.00","NZD","1763516860","335271/2025-12-18/1763516860.json"
"2018326","2025952","2025-12-18","67.45","NZD","1763516860","335271/2025-12-18/1763516860.json"
"2018325","2025906","2025-12-18","71.00","NZD","1763516860","335271/2025-12-18/1763516860.json"
"2018325","2025953","2025-12-18","67.45","NZD","1763516860","335271/2025-12-18/1763516860.json"
"2018320","2025901","2025-12-18","76.00","NZD","1763516860","335271/2025-12-18/1763516860.json"
"2018320","2025950","2025-12-18","72.20","NZD","1763516860","335271/2025-12-18/1763516860.json"
"2018321","2025902","2025-12-18","81.00","NZD","1763516860","335271/2025-12-18/1763516860.json"
"2018321","2025949","2025-12-18","76.95","NZD","1763516860","335271/2025-12-18/1763516860.json"
"2018327","2025908","2025-12-18","81.00","NZD","1763516860","335271/2025-12-18/1763516860.json"
"2018327","2025951","2025-12-18","76.95","NZD","1763516860","335271/2025-12-18/1763516860.json"
"2018317","2025898","2025-12-18","81.00","NZD","1763516860","335271/2025-12-18/1763516860.json"
"2018317","2025944","2025-12-18","76.95","NZD","1763516860","335271/2025-12-18/1763516860.json"
"2018322","2025903","2025-12-18","81.00","NZD","1763516860","335271/2025-12-18/1763516860.json"
"2018322","2025948","2025-12-18","76.95","NZD","1763516860","335271/2025-12-18/1763516860.json"
"2018318","2025899","2025-12-18","86.00","NZD","1763516860","335271/2025-12-18/1763516860.json"
"2018318","2025943","2025-12-18","81.70","NZD","1763516860","335271/2025-12-18/1763516860.json"
"2018319","2025900","2025-12-18","86.00","NZD","1763516860","335271/2025-12-18/1763516860.json"
"2018319","2025945","2025-12-18","81.70","NZD","1763516860","335271/2025-12-18/1763516860.json"
"2018323","2025904","2025-12-19","66.00","NZD","1763516860","335271/2025-12-19/1763516860.json"
"2018323","2025954","2025-12-19","62.70","NZD","1763516860","335271/2025-12-19/1763516860.json"
"2018326","2025907","2025-12-19","71.00","NZD","1763516860","335271/2025-12-19/1763516860.json"
"2018326","2025952","2025-12-19","67.45","NZD","1763516860","335271/2025-12-19/1763516860.json"
"2018325","2025906","2025-12-19","71.00","NZD","1763516860","335271/2025-12-19/1763516860.json"
"2018325","2025953","2025-12-19","67.45","NZD","1763516860","335271/2025-12-19/1763516860.json"
"2018320","2025901","2025-12-19","76.00","NZD","1763516860","335271/2025-12-19/1763516860.json"
"2018320","2025950","2025-12-19","72.20","NZD","1763516860","335271/2025-12-19/1763516860.json"
"2018321","2025902","2025-12-19","81.00","NZD","1763516860","335271/2025-12-19/1763516860.json"
"2018321","2025949","2025-12-19","76.95","NZD","1763516860","335271/2025-12-19/1763516860.json"
"2018327","2025908","2025-12-19","81.00","NZD","1763516860","335271/2025-12-19/1763516860.json"
"2018327","2025951","2025-12-19","76.95","NZD","1763516860","335271/2025-12-19/1763516860.json"
"2018317","2025898","2025-12-19","81.00","NZD","1763516860","335271/2025-12-19/1763516860.json"
"2018317","2025944","2025-12-19","76.95","NZD","1763516860","335271/2025-12-19/1763516860.json"
"2018322","2025903","2025-12-19","81.00","NZD","1763516860","335271/2025-12-19/1763516860.json"
"2018322","2025948","2025-12-19","76.95","NZD","1763516860","335271/2025-12-19/1763516860.json"
"2018318","2025899","2025-12-19","86.00","NZD","1763516860","335271/2025-12-19/1763516860.json"
"2018318","2025943","2025-12-19","81.70","NZD","1763516860","335271/2025-12-19/1763516860.json"
"2018319","2025900","2025-12-19","86.00","NZD","1763516860","335271/2025-12-19/1763516860.json"
"2018319","2025945","2025-12-19","81.70","NZD","1763516860","335271/2025-12-19/1763516860.json"
"2018323","2025904","2025-12-21","66.00","NZD","1763516860","335271/2025-12-21/1763516860.json"
"2018323","2025954","2025-12-21","62.70","NZD","1763516860","335271/2025-12-21/1763516860.json"
"2018326","2025907","2025-12-21","71.00","NZD","1763516860","335271/2025-12-21/1763516860.json"
"2018326","2025952","2025-12-21","67.45","NZD","1763516860","335271/2025-12-21/1763516860.json"
"2018325","2025906","2025-12-21","71.00","NZD","1763516860","335271/2025-12-21/1763516860.json"
"2018325","2025953","2025-12-21","67.45","NZD","1763516860","335271/2025-12-21/1763516860.json"
"2018320","2025901","2025-12-21","76.00","NZD","1763516860","335271/2025-12-21/1763516860.json"
"2018320","2025950","2025-12-21","72.20","NZD","1763516860","335271/2025-12-21/1763516860.json"
"2018321","2025902","2025-12-21","81.00","NZD","1763516860","335271/2025-12-21/1763516860.json"
"2018321","2025949","2025-12-21","76.95","NZD","1763516860","335271/2025-12-21/1763516860.json"
"2018327","2025908","2025-12-21","81.00","NZD","1763516860","335271/2025-12-21/1763516860.json"
"2018327","2025951","2025-12-21","76.95","NZD","1763516860","335271/2025-12-21/1763516860.json"
"2018317","2025898","2025-12-21","81.00","NZD","1763516860","335271/2025-12-21/1763516860.json"
"2018317","2025944","2025-12-21","76.95","NZD","1763516860","335271/2025-12-21/1763516860.json"
"2018322","2025903","2025-12-21","81.00","NZD","1763516860","335271/2025-12-21/1763516860.json"
"2018322","2025948","2025-12-21","76.95","NZD","1763516860","335271/2025-12-21/1763516860.json"
"2018318","2025899","2025-12-21","86.00","NZD","1763516860","335271/2025-12-21/1763516860.json"
"2018318","2025943","2025-12-21","81.70","NZD","1763516860","335271/2025-12-21/1763516860.json"
"2018319","2025900","2025-12-21","86.00","NZD","1763516860","335271/2025-12-21/1763516860.json"
"2018319","2025945","2025-12-21","81.70","NZD","1763516860","335271/2025-12-21/1763516860.json"
"2018323","2025904","2025-12-20","66.00","NZD","1763516860","335271/2025-12-20/1763516860.json"
"2018323","2025954","2025-12-20","62.70","NZD","1763516860","335271/2025-12-20/1763516860.json"
"2018326","2025907","2025-12-20","71.00","NZD","1763516860","335271/2025-12-20/1763516860.json"
"2018326","2025952","2025-12-20","67.45","NZD","1763516860","335271/2025-12-20/1763516860.json"
"2018325","2025906","2025-12-20","71.00","NZD","1763516860","335271/2025-12-20/1763516860.json"
"2018325","2025953","2025-12-20","67.45","NZD","1763516860","335271/2025-12-20/1763516860.json"
"2018320","2025901","2025-12-20","76.00","NZD","1763516860","335271/2025-12-20/1763516860.json"
"2018320","2025950","2025-12-20","72.20","NZD","1763516860","335271/2025-12-20/1763516860.json"
"2018321","2025902","2025-12-20","81.00","NZD","1763516860","335271/2025-12-20/1763516860.json"
"2018321","2025949","2025-12-20","76.95","NZD","1763516860","335271/2025-12-20/1763516860.json"
"2018327","2025908","2025-12-20","81.00","NZD","1763516860","335271/2025-12-20/1763516860.json"
"2018327","2025951","2025-12-20","76.95","NZD","1763516860","335271/2025-12-20/1763516860.json"
"2018317","2025898","2025-12-20","81.00","NZD","1763516860","335271/2025-12-20/1763516860.json"
"2018317","2025944","2025-12-20","76.95","NZD","1763516860","335271/2025-12-20/1763516860.json"
"2018322","2025903","2025-12-20","81.00","NZD","1763516860","335271/2025-12-20/1763516860.json"
"2018322","2025948","2025-12-20","76.95","NZD","1763516860","335271/2025-12-20/1763516860.json"
"2018318","2025899","2025-12-20","86.00","NZD","1763516860","335271/2025-12-20/1763516860.json"
"2018318","2025943","2025-12-20","81.70","NZD","1763516860","335271/2025-12-20/1763516860.json"
"2018319","2025900","2025-12-20","86.00","NZD","1763516860","335271/2025-12-20/1763516860.json"
"2018319","2025945","2025-12-20","81.70","NZD","1763516860","335271/2025-12-20/1763516860.json"
"2018323","2025904","2025-12-22","66.00","NZD","1763516860","335271/2025-12-22/1763516860.json"
"2018323","2025954","2025-12-22","62.70","NZD","1763516860","335271/2025-12-22/1763516860.json"
"2018326","2025907","2025-12-22","71.00","NZD","1763516860","335271/2025-12-22/1763516860.json"
"2018326","2025952","2025-12-22","67.45","NZD","1763516860","335271/2025-12-22/1763516860.json"
"2018325","2025906","2025-12-22","71.00","NZD","1763516860","335271/2025-12-22/1763516860.json"
"2018325","2025953","2025-12-22","67.45","NZD","1763516860","335271/2025-12-22/1763516860.json"
"2018320","2025901","2025-12-22","76.00","NZD","1763516860","335271/2025-12-22/1763516860.json"
"2018320","2025950","2025-12-22","72.20","NZD","1763516860","335271/2025-12-22/1763516860.json"
"2018321","2025902","2025-12-22","81.00","NZD","1763516860","335271/2025-12-22/1763516860.json"
"2018321","2025949","2025-12-22","76.95","NZD","1763516860","335271/2025-12-22/1763516860.json"
"2018327","2025908","2025-12-22","81.00","NZD","1763516860","335271/2025-12-22/1763516860.json"
"2018327","2025951","2025-12-22","76.95","NZD","1763516860","335271/2025-12-22/1763516860.json"
"2018317","2025898","2025-12-22","81.00","NZD","1763516860","335271/2025-12-22/1763516860.json"
"2018317","2025944","2025-12-22","76.95","NZD","1763516860","335271/2025-12-22/1763516860.json"
"2018322","2025903","2025-12-22","81.00","NZD","1763516860","335271/2025-12-22/1763516860.json"
"2018322","2025948","2025-12-22","76.95","NZD","1763516860","335271/2025-12-22/1763516860.json"
"2018318","2025899","2025-12-22","86.00","NZD","1763516860","335271/2025-12-22/1763516860.json"
"2018318","2025943","2025-12-22","81.70","NZD","1763516860","335271/2025-12-22/1763516860.json"
"2018319","2025900","2025-12-22","86.00","NZD","1763516860","335271/2025-12-22/1763516860.json"
"2018319","2025945","2025-12-22","81.70","NZD","1763516860","335271/2025-12-22/1763516860.json"
"2018323","2025904","2025-12-23","66.00","NZD","1763516860","335271/2025-12-23/1763516860.json"
"2018323","2025954","2025-12-23","62.70","NZD","1763516860","335271/2025-12-23/1763516860.json"
"2018326","2025907","2025-12-23","71.00","NZD","1763516860","335271/2025-12-23/1763516860.json"
"2018326","2025952","2025-12-23","67.45","NZD","1763516860","335271/2025-12-23/1763516860.json"
"2018325","2025906","2025-12-23","71.00","NZD","1763516860","335271/2025-12-23/1763516860.json"
"2018325","2025953","2025-12-23","67.45","NZD","1763516860","335271/2025-12-23/1763516860.json"
"2018320","2025901","2025-12-23","76.00","NZD","1763516860","335271/2025-12-23/1763516860.json"
"2018320","2025950","2025-12-23","72.20","NZD","1763516860","335271/2025-12-23/1763516860.json"
"2018321","2025902","2025-12-23","81.00","NZD","1763516860","335271/2025-12-23/1763516860.json"
"2018321","2025949","2025-12-23","76.95","NZD","1763516860","335271/2025-12-23/1763516860.json"
"2018327","2025908","2025-12-23","81.00","NZD","1763516860","335271/2025-12-23/1763516860.json"
"2018327","2025951","2025-12-23","76.95","NZD","1763516860","335271/2025-12-23/1763516860.json"
"2018317","2025898","2025-12-23","81.00","NZD","1763516860","335271/2025-12-23/1763516860.json"
"2018317","2025944","2025-12-23","76.95","NZD","1763516860","335271/2025-12-23/1763516860.json"
"2018322","2025903","2025-12-23","81.00","NZD","1763516860","335271/2025-12-23/1763516860.json"
"2018322","2025948","2025-12-23","76.95","NZD","1763516860","335271/2025-12-23/1763516860.json"
"2018318","2025899","2025-12-23","86.00","NZD","1763516860","335271/2025-12-23/1763516860.json"
"2018318","2025943","2025-12-23","81.70","NZD","1763516860","335271/2025-12-23/1763516860.json"
"2018319","2025900","2025-12-23","86.00","NZD","1763516860","335271/2025-12-23/1763516860.json"
"2018319","2025945","2025-12-23","81.70","NZD","1763516860","335271/2025-12-23/1763516860.json"
"2018323","2025904","2025-12-25","66.00","NZD","1763516860","335271/2025-12-25/1763516860.json"
"2018323","2025954","2025-12-25","62.70","NZD","1763516860","335271/2025-12-25/1763516860.json"
"2018326","2025907","2025-12-25","71.00","NZD","1763516860","335271/2025-12-25/1763516860.json"
"2018326","2025952","2025-12-25","67.45","NZD","1763516860","335271/2025-12-25/1763516860.json"
"2018325","2025906","2025-12-25","71.00","NZD","1763516860","335271/2025-12-25/1763516860.json"
"2018325","2025953","2025-12-25","67.45","NZD","1763516860","335271/2025-12-25/1763516860.json"
"2018320","2025901","2025-12-25","76.00","NZD","1763516860","335271/2025-12-25/1763516860.json"
"2018320","2025950","2025-12-25","72.20","NZD","1763516860","335271/2025-12-25/1763516860.json"
"2018321","2025902","2025-12-25","81.00","NZD","1763516860","335271/2025-12-25/1763516860.json"
"2018321","2025949","2025-12-25","76.95","NZD","1763516860","335271/2025-12-25/1763516860.json"
"2018327","2025908","2025-12-25","81.00","NZD","1763516860","335271/2025-12-25/1763516860.json"
"2018327","2025951","2025-12-25","76.95","NZD","1763516860","335271/2025-12-25/1763516860.json"
"2018317","2025898","2025-12-25","81.00","NZD","1763516860","335271/2025-12-25/1763516860.json"
"2018317","2025944","2025-12-25","76.95","NZD","1763516860","335271/2025-12-25/1763516860.json"
"2018322","2025903","2025-12-25","81.00","NZD","1763516860","335271/2025-12-25/1763516860.json"
"2018322","2025948","2025-12-25","76.95","NZD","1763516860","335271/2025-12-25/1763516860.json"
"2018318","2025899","2025-12-25","86.00","NZD","1763516860","335271/2025-12-25/1763516860.json"
"2018318","2025943","2025-12-25","81.70","NZD","1763516860","335271/2025-12-25/1763516860.json"
"2018319","2025900","2025-12-25","86.00","NZD","1763516860","335271/2025-12-25/1763516860.json"
"2018319","2025945","2025-12-25","81.70","NZD","1763516860","335271/2025-12-25/1763516860.json"
"2018323","2025904","2025-12-26","66.00","NZD","1763516860","335271/2025-12-26/1763516860.json"
"2018323","2025954","2025-12-26","62.70","NZD","1763516860","335271/2025-12-26/1763516860.json"
"2018326","2025907","2025-12-26","71.00","NZD","1763516860","335271/2025-12-26/1763516860.json"
"2018326","2025952","2025-12-26","67.45","NZD","1763516860","335271/2025-12-26/1763516860.json"
"2018325","2025906","2025-12-26","71.00","NZD","1763516860","335271/2025-12-26/1763516860.json"
"2018325","2025953","2025-12-26","67.45","NZD","1763516860","335271/2025-12-26/1763516860.json"
"2018320","2025901","2025-12-26","76.00","NZD","1763516860","335271/2025-12-26/1763516860.json"
"2018320","2025950","2025-12-26","72.20","NZD","1763516860","335271/2025-12-26/1763516860.json"
"2018321","2025902","2025-12-26","81.00","NZD","1763516860","335271/2025-12-26/1763516860.json"
"2018321","2025949","2025-12-26","76.95","NZD","1763516860","335271/2025-12-26/1763516860.json"
"2018327","2025908","2025-12-26","81.00","NZD","1763516860","335271/2025-12-26/1763516860.json"
"2018327","2025951","2025-12-26","76.95","NZD","1763516860","335271/2025-12-26/1763516860.json"
"2018317","2025898","2025-12-26","81.00","NZD","1763516860","335271/2025-12-26/1763516860.json"
"2018317","2025944","2025-12-26","76.95","NZD","1763516860","335271/2025-12-26/1763516860.json"
"2018322","2025903","2025-12-26","81.00","NZD","1763516860","335271/2025-12-26/1763516860.json"
"2018322","2025948","2025-12-26","76.95","NZD","1763516860","335271/2025-12-26/1763516860.json"
"2018318","2025899","2025-12-26","86.00","NZD","1763516860","335271/2025-12-26/1763516860.json"
"2018318","2025943","2025-12-26","81.70","NZD","1763516860","335271/2025-12-26/1763516860.json"
"2018319","2025900","2025-12-26","86.00","NZD","1763516860","335271/2025-12-26/1763516860.json"
"2018319","2025945","2025-12-26","81.70","NZD","1763516860","335271/2025-12-26/1763516860.json"
"2018323","2025904","2025-12-24","66.00","NZD","1763516860","335271/2025-12-24/1763516860.json"
"2018323","2025954","2025-12-24","62.70","NZD","1763516860","335271/2025-12-24/1763516860.json"
"2018326","2025907","2025-12-24","71.00","NZD","1763516860","335271/2025-12-24/1763516860.json"
"2018326","2025952","2025-12-24","67.45","NZD","1763516860","335271/2025-12-24/1763516860.json"
"2018325","2025906","2025-12-24","71.00","NZD","1763516860","335271/2025-12-24/1763516860.json"
"2018325","2025953","2025-12-24","67.45","NZD","1763516860","335271/2025-12-24/1763516860.json"
"2018320","2025901","2025-12-24","76.00","NZD","1763516860","335271/2025-12-24/1763516860.json"
"2018320","2025950","2025-12-24","72.20","NZD","1763516860","335271/2025-12-24/1763516860.json"
"2018321","2025902","2025-12-24","81.00","NZD","1763516860","335271/2025-12-24/1763516860.json"
"2018321","2025949","2025-12-24","76.95","NZD","1763516860","335271/2025-12-24/1763516860.json"
"2018327","2025908","2025-12-24","81.00","NZD","1763516860","335271/2025-12-24/1763516860.json"
"2018327","2025951","2025-12-24","76.95","NZD","1763516860","335271/2025-12-24/1763516860.json"
"2018317","2025898","2025-12-24","81.00","NZD","1763516860","335271/2025-12-24/1763516860.json"
"2018317","2025944","2025-12-24","76.95","NZD","1763516860","335271/2025-12-24/1763516860.json"
"2018322","2025903","2025-12-24","81.00","NZD","1763516860","335271/2025-12-24/1763516860.json"
"2018322","2025948","2025-12-24","76.95","NZD","1763516860","335271/2025-12-24/1763516860.json"
"2018318","2025899","2025-12-24","86.00","NZD","1763516860","335271/2025-12-24/1763516860.json"
"2018318","2025943","2025-12-24","81.70","NZD","1763516860","335271/2025-12-24/1763516860.json"
"2018319","2025900","2025-12-24","86.00","NZD","1763516860","335271/2025-12-24/1763516860.json"
"2018319","2025945","2025-12-24","81.70","NZD","1763516860","335271/2025-12-24/1763516860.json"
"2018323","2025904","2025-12-27","66.00","NZD","1763516860","335271/2025-12-27/1763516860.json"
"2018323","2025954","2025-12-27","62.70","NZD","1763516860","335271/2025-12-27/1763516860.json"
"2018326","2025907","2025-12-27","71.00","NZD","1763516860","335271/2025-12-27/1763516860.json"
"2018326","2025952","2025-12-27","67.45","NZD","1763516860","335271/2025-12-27/1763516860.json"
"2018325","2025906","2025-12-27","71.00","NZD","1763516860","335271/2025-12-27/1763516860.json"
"2018325","2025953","2025-12-27","67.45","NZD","1763516860","335271/2025-12-27/1763516860.json"
"2018320","2025901","2025-12-27","76.00","NZD","1763516860","335271/2025-12-27/1763516860.json"
"2018320","2025950","2025-12-27","72.20","NZD","1763516860","335271/2025-12-27/1763516860.json"
"2018321","2025902","2025-12-27","81.00","NZD","1763516860","335271/2025-12-27/1763516860.json"
"2018321","2025949","2025-12-27","76.95","NZD","1763516860","335271/2025-12-27/1763516860.json"
"2018327","2025908","2025-12-27","81.00","NZD","1763516860","335271/2025-12-27/1763516860.json"
"2018327","2025951","2025-12-27","76.95","NZD","1763516860","335271/2025-12-27/1763516860.json"
"2018317","2025898","2025-12-27","81.00","NZD","1763516860","335271/2025-12-27/1763516860.json"
"2018317","2025944","2025-12-27","76.95","NZD","1763516860","335271/2025-12-27/1763516860.json"
"2018322","2025903","2025-12-27","81.00","NZD","1763516860","335271/2025-12-27/1763516860.json"
"2018322","2025948","2025-12-27","76.95","NZD","1763516860","335271/2025-12-27/1763516860.json"
"2018318","2025899","2025-12-27","86.00","NZD","1763516860","335271/2025-12-27/1763516860.json"
"2018318","2025943","2025-12-27","81.70","NZD","1763516860","335271/2025-12-27/1763516860.json"
"2018319","2025900","2025-12-27","86.00","NZD","1763516860","335271/2025-12-27/1763516860.json"
"2018319","2025945","2025-12-27","81.70","NZD","1763516860","335271/2025-12-27/1763516860.json"
"2018323","2025904","2025-12-28","66.00","NZD","1763516860","335271/2025-12-28/1763516860.json"
"2018323","2025954","2025-12-28","62.70","NZD","1763516860","335271/2025-12-28/1763516860.json"
"2018326","2025907","2025-12-28","71.00","NZD","1763516860","335271/2025-12-28/1763516860.json"
"2018326","2025952","2025-12-28","67.45","NZD","1763516860","335271/2025-12-28/1763516860.json"
"2018325","2025906","2025-12-28","71.00","NZD","1763516860","335271/2025-12-28/1763516860.json"
"2018325","2025953","2025-12-28","67.45","NZD","1763516860","335271/2025-12-28/1763516860.json"
"2018320","2025901","2025-12-28","76.00","NZD","1763516860","335271/2025-12-28/1763516860.json"
"2018320","2025950","2025-12-28","72.20","NZD","1763516860","335271/2025-12-28/1763516860.json"
"2018321","2025902","2025-12-28","81.00","NZD","1763516860","335271/2025-12-28/1763516860.json"
"2018321","2025949","2025-12-28","76.95","NZD","1763516860","335271/2025-12-28/1763516860.json"
"2018327","2025908","2025-12-28","81.00","NZD","1763516860","335271/2025-12-28/1763516860.json"
"2018327","2025951","2025-12-28","76.95","NZD","1763516860","335271/2025-12-28/1763516860.json"
"2018317","2025898","2025-12-28","81.00","NZD","1763516860","335271/2025-12-28/1763516860.json"
"2018317","2025944","2025-12-28","76.95","NZD","1763516860","335271/2025-12-28/1763516860.json"
"2018322","2025903","2025-12-28","81.00","NZD","1763516860","335271/2025-12-28/1763516860.json"
"2018322","2025948","2025-12-28","76.95","NZD","1763516860","335271/2025-12-28/1763516860.json"
"2018318","2025899","2025-12-28","86.00","NZD","1763516860","335271/2025-12-28/1763516860.json"
"2018318","2025943","2025-12-28","81.70","NZD","1763516860","335271/2025-12-28/1763516860.json"
"2018319","2025900","2025-12-28","86.00","NZD","1763516860","335271/2025-12-28/1763516860.json"
"2018319","2025945","2025-12-28","81.70","NZD","1763516860","335271/2025-12-28/1763516860.json"
"2018323","2025904","2025-12-29","66.00","NZD","1763516860","335271/2025-12-29/1763516860.json"
"2018323","2025954","2025-12-29","62.70","NZD","1763516860","335271/2025-12-29/1763516860.json"
"2018326","2025907","2025-12-29","71.00","NZD","1763516860","335271/2025-12-29/1763516860.json"
"2018326","2025952","2025-12-29","67.45","NZD","1763516860","335271/2025-12-29/1763516860.json"
"2018325","2025906","2025-12-29","71.00","NZD","1763516860","335271/2025-12-29/1763516860.json"
"2018325","2025953","2025-12-29","67.45","NZD","1763516860","335271/2025-12-29/1763516860.json"
"2018320","2025901","2025-12-29","76.00","NZD","1763516860","335271/2025-12-29/1763516860.json"
"2018320","2025950","2025-12-29","72.20","NZD","1763516860","335271/2025-12-29/1763516860.json"
"2018321","2025902","2025-12-29","81.00","NZD","1763516860","335271/2025-12-29/1763516860.json"
"2018321","2025949","2025-12-29","76.95","NZD","1763516860","335271/2025-12-29/1763516860.json"
"2018327","2025908","2025-12-29","81.00","NZD","1763516860","335271/2025-12-29/1763516860.json"
"2018327","2025951","2025-12-29","76.95","NZD","1763516860","335271/2025-12-29/1763516860.json"
"2018317","2025898","2025-12-29","81.00","NZD","1763516860","335271/2025-12-29/1763516860.json"
"2018317","2025944","2025-12-29","76.95","NZD","1763516860","335271/2025-12-29/1763516860.json"
"2018322","2025903","2025-12-29","81.00","NZD","1763516860","335271/2025-12-29/1763516860.json"
"2018322","2025948","2025-12-29","76.95","NZD","1763516860","335271/2025-12-29/1763516860.json"
"2018318","2025899","2025-12-29","86.00","NZD","1763516860","335271/2025-12-29/1763516860.json"
"2018318","2025943","2025-12-29","81.70","NZD","1763516860","335271/2025-12-29/1763516860.json"
"2018319","2025900","2025-12-29","86.00","NZD","1763516860","335271/2025-12-29/1763516860.json"
"2018323","2025904","2025-12-31","99.00","NZD","1763516860","335271/2025-12-31/1763516860.json"
"2018319","2025945","2025-12-29","81.70","NZD","1763516860","335271/2025-12-29/1763516860.json"
"2018323","2025954","2025-12-31","94.05","NZD","1763516860","335271/2025-12-31/1763516860.json"
"2018326","2025907","2025-12-31","104.00","NZD","1763516860","335271/2025-12-31/1763516860.json"
"2018326","2025952","2025-12-31","98.80","NZD","1763516860","335271/2025-12-31/1763516860.json"
"2018325","2025906","2025-12-31","104.00","NZD","1763516860","335271/2025-12-31/1763516860.json"
"2018325","2025953","2025-12-31","98.80","NZD","1763516860","335271/2025-12-31/1763516860.json"
"2018320","2025901","2025-12-31","109.00","NZD","1763516860","335271/2025-12-31/1763516860.json"
"2018320","2025950","2025-12-31","103.55","NZD","1763516860","335271/2025-12-31/1763516860.json"
"2018327","2025908","2025-12-31","114.00","NZD","1763516860","335271/2025-12-31/1763516860.json"
"2018327","2025951","2025-12-31","108.30","NZD","1763516860","335271/2025-12-31/1763516860.json"
"2018317","2025898","2025-12-31","114.00","NZD","1763516860","335271/2025-12-31/1763516860.json"
"2018317","2025944","2025-12-31","108.30","NZD","1763516860","335271/2025-12-31/1763516860.json"
"2018322","2025903","2025-12-31","114.00","NZD","1763516860","335271/2025-12-31/1763516860.json"
"2018322","2025948","2025-12-31","108.30","NZD","1763516860","335271/2025-12-31/1763516860.json"
"2018321","2025902","2025-12-31","114.00","NZD","1763516860","335271/2025-12-31/1763516860.json"
"2018321","2025949","2025-12-31","108.30","NZD","1763516860","335271/2025-12-31/1763516860.json"
"2018318","2025899","2025-12-31","119.00","NZD","1763516860","335271/2025-12-31/1763516860.json"
"2018318","2025943","2025-12-31","113.05","NZD","1763516860","335271/2025-12-31/1763516860.json"
"2018319","2025900","2025-12-31","119.00","NZD","1763516860","335271/2025-12-31/1763516860.json"
"2018319","2025945","2025-12-31","113.05","NZD","1763516860","335271/2025-12-31/1763516860.json"
"2018323","2025904","2025-12-30","66.00","NZD","1763516860","335271/2025-12-30/1763516860.json"
"2018323","2025954","2025-12-30","62.70","NZD","1763516860","335271/2025-12-30/1763516860.json"
"2018326","2025907","2025-12-30","71.00","NZD","1763516860","335271/2025-12-30/1763516860.json"
"2018326","2025952","2025-12-30","67.45","NZD","1763516860","335271/2025-12-30/1763516860.json"
"2018325","2025906","2025-12-30","71.00","NZD","1763516860","335271/2025-12-30/1763516860.json"
"2018325","2025953","2025-12-30","67.45","NZD","1763516860","335271/2025-12-30/1763516860.json"
"2018320","2025901","2025-12-30","76.00","NZD","1763516860","335271/2025-12-30/1763516860.json"
"2018320","2025950","2025-12-30","72.20","NZD","1763516860","335271/2025-12-30/1763516860.json"
"2018321","2025902","2025-12-30","81.00","NZD","1763516860","335271/2025-12-30/1763516860.json"
"2018321","2025949","2025-12-30","76.95","NZD","1763516860","335271/2025-12-30/1763516860.json"
"2018327","2025908","2025-12-30","81.00","NZD","1763516860","335271/2025-12-30/1763516860.json"
"2018327","2025951","2025-12-30","76.95","NZD","1763516860","335271/2025-12-30/1763516860.json"
"2018317","2025898","2025-12-30","81.00","NZD","1763516860","335271/2025-12-30/1763516860.json"
"2018317","2025944","2025-12-30","76.95","NZD","1763516860","335271/2025-12-30/1763516860.json"
"2018322","2025903","2025-12-30","81.00","NZD","1763516860","335271/2025-12-30/1763516860.json"
"2018322","2025948","2025-12-30","76.95","NZD","1763516860","335271/2025-12-30/1763516860.json"
"2018318","2025899","2025-12-30","86.00","NZD","1763516860","335271/2025-12-30/1763516860.json"
"2018318","2025943","2025-12-30","81.70","NZD","1763516860","335271/2025-12-30/1763516860.json"
"2018319","2025900","2025-12-30","86.00","NZD","1763516860","335271/2025-12-30/1763516860.json"
"2018319","2025945","2025-12-30","81.70","NZD","1763516860","335271/2025-12-30/1763516860.json"
"2018323","2025904","2026-01-01","66.00","NZD","1763516860","335271/2026-01-01/1763516860.json"
"2018323","2025954","2026-01-01","62.70","NZD","1763516860","335271/2026-01-01/1763516860.json"
"2018326","2025907","2026-01-01","71.00","NZD","1763516860","335271/2026-01-01/1763516860.json"
"2018326","2025952","2026-01-01","67.45","NZD","1763516860","335271/2026-01-01/1763516860.json"
"2018325","2025906","2026-01-01","71.00","NZD","1763516860","335271/2026-01-01/1763516860.json"
"2018325","2025953","2026-01-01","67.45","NZD","1763516860","335271/2026-01-01/1763516860.json"
"2018320","2025901","2026-01-01","76.00","NZD","1763516860","335271/2026-01-01/1763516860.json"
"2018320","2025950","2026-01-01","72.20","NZD","1763516860","335271/2026-01-01/1763516860.json"
"2018327","2025908","2026-01-01","81.00","NZD","1763516860","335271/2026-01-01/1763516860.json"
"2018327","2025951","2026-01-01","76.95","NZD","1763516860","335271/2026-01-01/1763516860.json"
"2018317","2025898","2026-01-01","81.00","NZD","1763516860","335271/2026-01-01/1763516860.json"
"2018317","2025944","2026-01-01","76.95","NZD","1763516860","335271/2026-01-01/1763516860.json"
"2018322","2025903","2026-01-01","81.00","NZD","1763516860","335271/2026-01-01/1763516860.json"
"2018322","2025948","2026-01-01","76.95","NZD","1763516860","335271/2026-01-01/1763516860.json"
"2018321","2025902","2026-01-01","81.00","NZD","1763516860","335271/2026-01-01/1763516860.json"
"2018321","2025949","2026-01-01","76.95","NZD","1763516860","335271/2026-01-01/1763516860.json"
"2018318","2025899","2026-01-01","86.00","NZD","1763516860","335271/2026-01-01/1763516860.json"
"2018318","2025943","2026-01-01","81.70","NZD","1763516860","335271/2026-01-01/1763516860.json"
"2018319","2025900","2026-01-01","86.00","NZD","1763516860","335271/2026-01-01/1763516860.json"
"2018319","2025945","2026-01-01","81.70","NZD","1763516860","335271/2026-01-01/1763516860.json"
"2018323","2025904","2026-01-02","66.00","NZD","1763516860","335271/2026-01-02/1763516860.json"
"2018323","2025954","2026-01-02","62.70","NZD","1763516860","335271/2026-01-02/1763516860.json"
"2018326","2025907","2026-01-02","71.00","NZD","1763516860","335271/2026-01-02/1763516860.json"
"2018326","2025952","2026-01-02","67.45","NZD","1763516860","335271/2026-01-02/1763516860.json"
"2018325","2025906","2026-01-02","71.00","NZD","1763516860","335271/2026-01-02/1763516860.json"
"2018325","2025953","2026-01-02","67.45","NZD","1763516860","335271/2026-01-02/1763516860.json"
"2018320","2025901","2026-01-02","76.00","NZD","1763516860","335271/2026-01-02/1763516860.json"
"2018320","2025950","2026-01-02","72.20","NZD","1763516860","335271/2026-01-02/1763516860.json"
"2018327","2025908","2026-01-02","81.00","NZD","1763516860","335271/2026-01-02/1763516860.json"
"2018327","2025951","2026-01-02","76.95","NZD","1763516860","335271/2026-01-02/1763516860.json"
"2018317","2025898","2026-01-02","81.00","NZD","1763516860","335271/2026-01-02/1763516860.json"
"2018317","2025944","2026-01-02","76.95","NZD","1763516860","335271/2026-01-02/1763516860.json"
"2018322","2025903","2026-01-02","81.00","NZD","1763516860","335271/2026-01-02/1763516860.json"
"2018322","2025948","2026-01-02","76.95","NZD","1763516860","335271/2026-01-02/1763516860.json"
"2018321","2025902","2026-01-02","81.00","NZD","1763516860","335271/2026-01-02/1763516860.json"
"2018321","2025949","2026-01-02","76.95","NZD","1763516860","335271/2026-01-02/1763516860.json"
"2018318","2025899","2026-01-02","86.00","NZD","1763516860","335271/2026-01-02/1763516860.json"
"2018318","2025943","2026-01-02","81.70","NZD","1763516860","335271/2026-01-02/1763516860.json"
"2018319","2025900","2026-01-02","86.00","NZD","1763516860","335271/2026-01-02/1763516860.json"
"2018319","2025945","2026-01-02","81.70","NZD","1763516860","335271/2026-01-02/1763516860.json"
"2018323","2025904","2026-01-03","66.00","NZD","1763516860","335271/2026-01-03/1763516860.json"
"2018323","2025954","2026-01-03","62.70","NZD","1763516860","335271/2026-01-03/1763516860.json"
"2018326","2025907","2026-01-03","71.00","NZD","1763516860","335271/2026-01-03/1763516860.json"
"2018326","2025952","2026-01-03","67.45","NZD","1763516860","335271/2026-01-03/1763516860.json"
"2018325","2025906","2026-01-03","71.00","NZD","1763516860","335271/2026-01-03/1763516860.json"
"2018325","2025953","2026-01-03","67.45","NZD","1763516860","335271/2026-01-03/1763516860.json"
"2018320","2025901","2026-01-03","76.00","NZD","1763516860","335271/2026-01-03/1763516860.json"
"2018320","2025950","2026-01-03","72.20","NZD","1763516860","335271/2026-01-03/1763516860.json"
"2018327","2025908","2026-01-03","81.00","NZD","1763516860","335271/2026-01-03/1763516860.json"
"2018327","2025951","2026-01-03","76.95","NZD","1763516860","335271/2026-01-03/1763516860.json"
"2018317","2025898","2026-01-03","81.00","NZD","1763516860","335271/2026-01-03/1763516860.json"
"2018317","2025944","2026-01-03","76.95","NZD","1763516860","335271/2026-01-03/1763516860.json"
"2018322","2025903","2026-01-03","81.00","NZD","1763516860","335271/2026-01-03/1763516860.json"
"2018322","2025948","2026-01-03","76.95","NZD","1763516860","335271/2026-01-03/1763516860.json"
"2018321","2025902","2026-01-03","81.00","NZD","1763516860","335271/2026-01-03/1763516860.json"
"2018321","2025949","2026-01-03","76.95","NZD","1763516860","335271/2026-01-03/1763516860.json"
"2018318","2025899","2026-01-03","86.00","NZD","1763516860","335271/2026-01-03/1763516860.json"
"2018318","2025943","2026-01-03","81.70","NZD","1763516860","335271/2026-01-03/1763516860.json"
"2018319","2025900","2026-01-03","86.00","NZD","1763516860","335271/2026-01-03/1763516860.json"
"2018319","2025945","2026-01-03","81.70","NZD","1763516860","335271/2026-01-03/1763516860.json"
"2018323","2025904","2026-01-04","66.00","NZD","1763516860","335271/2026-01-04/1763516860.json"
"2018323","2025954","2026-01-04","62.70","NZD","1763516860","335271/2026-01-04/1763516860.json"
"2018326","2025907","2026-01-04","71.00","NZD","1763516860","335271/2026-01-04/1763516860.json"
"2018326","2025952","2026-01-04","67.45","NZD","1763516860","335271/2026-01-04/1763516860.json"
"2018325","2025906","2026-01-04","71.00","NZD","1763516860","335271/2026-01-04/1763516860.json"
"2018325","2025953","2026-01-04","67.45","NZD","1763516860","335271/2026-01-04/1763516860.json"
"2018320","2025901","2026-01-04","76.00","NZD","1763516860","335271/2026-01-04/1763516860.json"
"2018320","2025950","2026-01-04","72.20","NZD","1763516860","335271/2026-01-04/1763516860.json"
"2018327","2025908","2026-01-04","81.00","NZD","1763516860","335271/2026-01-04/1763516860.json"
"2018327","2025951","2026-01-04","76.95","NZD","1763516860","335271/2026-01-04/1763516860.json"
"2018317","2025898","2026-01-04","81.00","NZD","1763516860","335271/2026-01-04/1763516860.json"
"2018317","2025944","2026-01-04","76.95","NZD","1763516860","335271/2026-01-04/1763516860.json"
"2018322","2025903","2026-01-04","81.00","NZD","1763516860","335271/2026-01-04/1763516860.json"
"2018322","2025948","2026-01-04","76.95","NZD","1763516860","335271/2026-01-04/1763516860.json"
"2018321","2025902","2026-01-04","81.00","NZD","1763516860","335271/2026-01-04/1763516860.json"
"2018321","2025949","2026-01-04","76.95","NZD","1763516860","335271/2026-01-04/1763516860.json"
"2018318","2025899","2026-01-04","86.00","NZD","1763516860","335271/2026-01-04/1763516860.json"
"2018318","2025943","2026-01-04","81.70","NZD","1763516860","335271/2026-01-04/1763516860.json"
"2018319","2025900","2026-01-04","86.00","NZD","1763516860","335271/2026-01-04/1763516860.json"
"2018319","2025945","2026-01-04","81.70","NZD","1763516860","335271/2026-01-04/1763516860.json"
"2018323","2025904","2026-01-05","66.00","NZD","1763516860","335271/2026-01-05/1763516860.json"
"2018323","2025954","2026-01-05","62.70","NZD","1763516860","335271/2026-01-05/1763516860.json"
"2018326","2025907","2026-01-05","71.00","NZD","1763516860","335271/2026-01-05/1763516860.json"
"2018326","2025952","2026-01-05","67.45","NZD","1763516860","335271/2026-01-05/1763516860.json"
"2018325","2025906","2026-01-05","71.00","NZD","1763516860","335271/2026-01-05/1763516860.json"
"2018325","2025953","2026-01-05","67.45","NZD","1763516860","335271/2026-01-05/1763516860.json"
"2018320","2025901","2026-01-05","76.00","NZD","1763516860","335271/2026-01-05/1763516860.json"
"2018320","2025950","2026-01-05","72.20","NZD","1763516860","335271/2026-01-05/1763516860.json"
"2018327","2025908","2026-01-05","81.00","NZD","1763516860","335271/2026-01-05/1763516860.json"
"2018327","2025951","2026-01-05","76.95","NZD","1763516860","335271/2026-01-05/1763516860.json"
"2018317","2025898","2026-01-05","81.00","NZD","1763516860","335271/2026-01-05/1763516860.json"
"2018317","2025944","2026-01-05","76.95","NZD","1763516860","335271/2026-01-05/1763516860.json"
"2018322","2025903","2026-01-05","81.00","NZD","1763516860","335271/2026-01-05/1763516860.json"
"2018322","2025948","2026-01-05","76.95","NZD","1763516860","335271/2026-01-05/1763516860.json"
"2018321","2025902","2026-01-05","81.00","NZD","1763516860","335271/2026-01-05/1763516860.json"
"2018321","2025949","2026-01-05","76.95","NZD","1763516860","335271/2026-01-05/1763516860.json"
"2018318","2025899","2026-01-05","86.00","NZD","1763516860","335271/2026-01-05/1763516860.json"
"2018318","2025943","2026-01-05","81.70","NZD","1763516860","335271/2026-01-05/1763516860.json"
"2018319","2025900","2026-01-05","86.00","NZD","1763516860","335271/2026-01-05/1763516860.json"
"2018319","2025945","2026-01-05","81.70","NZD","1763516860","335271/2026-01-05/1763516860.json"
"2018323","2025904","2026-01-06","66.00","NZD","1763516860","335271/2026-01-06/1763516860.json"
"2018323","2025954","2026-01-06","62.70","NZD","1763516860","335271/2026-01-06/1763516860.json"
"2018326","2025907","2026-01-06","71.00","NZD","1763516860","335271/2026-01-06/1763516860.json"
"2018326","2025952","2026-01-06","67.45","NZD","1763516860","335271/2026-01-06/1763516860.json"
"2018325","2025906","2026-01-06","71.00","NZD","1763516860","335271/2026-01-06/1763516860.json"
"2018325","2025953","2026-01-06","67.45","NZD","1763516860","335271/2026-01-06/1763516860.json"
"2018320","2025901","2026-01-06","76.00","NZD","1763516860","335271/2026-01-06/1763516860.json"
"2018320","2025950","2026-01-06","72.20","NZD","1763516860","335271/2026-01-06/1763516860.json"
"2018327","2025908","2026-01-06","81.00","NZD","1763516860","335271/2026-01-06/1763516860.json"
"2018327","2025951","2026-01-06","76.95","NZD","1763516860","335271/2026-01-06/1763516860.json"
"2018317","2025898","2026-01-06","81.00","NZD","1763516860","335271/2026-01-06/1763516860.json"
"2018317","2025944","2026-01-06","76.95","NZD","1763516860","335271/2026-01-06/1763516860.json"
"2018322","2025903","2026-01-06","81.00","NZD","1763516860","335271/2026-01-06/1763516860.json"
"2018322","2025948","2026-01-06","76.95","NZD","1763516860","335271/2026-01-06/1763516860.json"
"2018321","2025902","2026-01-06","81.00","NZD","1763516860","335271/2026-01-06/1763516860.json"
"2018321","2025949","2026-01-06","76.95","NZD","1763516860","335271/2026-01-06/1763516860.json"
"2018318","2025899","2026-01-06","86.00","NZD","1763516860","335271/2026-01-06/1763516860.json"
"2018318","2025943","2026-01-06","81.70","NZD","1763516860","335271/2026-01-06/1763516860.json"
"2018319","2025900","2026-01-06","86.00","NZD","1763516860","335271/2026-01-06/1763516860.json"
"2018319","2025945","2026-01-06","81.70","NZD","1763516860","335271/2026-01-06/1763516860.json"
"2018323","2025904","2026-01-08","66.00","NZD","1763516860","335271/2026-01-08/1763516860.json"
"2018323","2025954","2026-01-08","62.70","NZD","1763516860","335271/2026-01-08/1763516860.json"
"2018326","2025907","2026-01-08","71.00","NZD","1763516860","335271/2026-01-08/1763516860.json"
"2018326","2025952","2026-01-08","67.45","NZD","1763516860","335271/2026-01-08/1763516860.json"
"2018325","2025906","2026-01-08","71.00","NZD","1763516860","335271/2026-01-08/1763516860.json"
"2018325","2025953","2026-01-08","67.45","NZD","1763516860","335271/2026-01-08/1763516860.json"
"2018320","2025901","2026-01-08","76.00","NZD","1763516860","335271/2026-01-08/1763516860.json"
"2018320","2025950","2026-01-08","72.20","NZD","1763516860","335271/2026-01-08/1763516860.json"
"2018327","2025908","2026-01-08","81.00","NZD","1763516860","335271/2026-01-08/1763516860.json"
"2018327","2025951","2026-01-08","76.95","NZD","1763516860","335271/2026-01-08/1763516860.json"
"2018317","2025898","2026-01-08","81.00","NZD","1763516860","335271/2026-01-08/1763516860.json"
"2018317","2025944","2026-01-08","76.95","NZD","1763516860","335271/2026-01-08/1763516860.json"
"2018322","2025903","2026-01-08","81.00","NZD","1763516860","335271/2026-01-08/1763516860.json"
"2018322","2025948","2026-01-08","76.95","NZD","1763516860","335271/2026-01-08/1763516860.json"
"2018321","2025902","2026-01-08","81.00","NZD","1763516860","335271/2026-01-08/1763516860.json"
"2018321","2025949","2026-01-08","76.95","NZD","1763516860","335271/2026-01-08/1763516860.json"
"2018318","2025899","2026-01-08","86.00","NZD","1763516860","335271/2026-01-08/1763516860.json"
"2018318","2025943","2026-01-08","81.70","NZD","1763516860","335271/2026-01-08/1763516860.json"
"2018319","2025900","2026-01-08","86.00","NZD","1763516860","335271/2026-01-08/1763516860.json"
"2018319","2025945","2026-01-08","81.70","NZD","1763516860","335271/2026-01-08/1763516860.json"
"2018323","2025904","2026-01-07","66.00","NZD","1763516860","335271/2026-01-07/1763516860.json"
"2018323","2025954","2026-01-07","62.70","NZD","1763516860","335271/2026-01-07/1763516860.json"
"2018326","2025907","2026-01-07","71.00","NZD","1763516860","335271/2026-01-07/1763516860.json"
"2018326","2025952","2026-01-07","67.45","NZD","1763516860","335271/2026-01-07/1763516860.json"
"2018325","2025906","2026-01-07","71.00","NZD","1763516860","335271/2026-01-07/1763516860.json"
"2018325","2025953","2026-01-07","67.45","NZD","1763516860","335271/2026-01-07/1763516860.json"
"2018320","2025901","2026-01-07","76.00","NZD","1763516860","335271/2026-01-07/1763516860.json"
"2018320","2025950","2026-01-07","72.20","NZD","1763516860","335271/2026-01-07/1763516860.json"
"2018327","2025908","2026-01-07","81.00","NZD","1763516860","335271/2026-01-07/1763516860.json"
"2018327","2025951","2026-01-07","76.95","NZD","1763516860","335271/2026-01-07/1763516860.json"
"2018317","2025898","2026-01-07","81.00","NZD","1763516860","335271/2026-01-07/1763516860.json"
"2018317","2025944","2026-01-07","76.95","NZD","1763516860","335271/2026-01-07/1763516860.json"
"2018322","2025903","2026-01-07","81.00","NZD","1763516860","335271/2026-01-07/1763516860.json"
"2018322","2025948","2026-01-07","76.95","NZD","1763516860","335271/2026-01-07/1763516860.json"
"2018321","2025902","2026-01-07","81.00","NZD","1763516860","335271/2026-01-07/1763516860.json"
"2018321","2025949","2026-01-07","76.95","NZD","1763516860","335271/2026-01-07/1763516860.json"
"2018318","2025899","2026-01-07","86.00","NZD","1763516860","335271/2026-01-07/1763516860.json"
"2018318","2025943","2026-01-07","81.70","NZD","1763516860","335271/2026-01-07/1763516860.json"
"2018319","2025900","2026-01-07","86.00","NZD","1763516860","335271/2026-01-07/1763516860.json"
"2018319","2025945","2026-01-07","81.70","NZD","1763516860","335271/2026-01-07/1763516860.json"
"2018323","2025904","2026-01-09","66.00","NZD","1763516860","335271/2026-01-09/1763516860.json"
"2018323","2025954","2026-01-09","62.70","NZD","1763516860","335271/2026-01-09/1763516860.json"
"2018326","2025907","2026-01-09","71.00","NZD","1763516860","335271/2026-01-09/1763516860.json"
"2018326","2025952","2026-01-09","67.45","NZD","1763516860","335271/2026-01-09/1763516860.json"
"2018325","2025906","2026-01-09","71.00","NZD","1763516860","335271/2026-01-09/1763516860.json"
"2018325","2025953","2026-01-09","67.45","NZD","1763516860","335271/2026-01-09/1763516860.json"
"2018320","2025901","2026-01-09","76.00","NZD","1763516860","335271/2026-01-09/1763516860.json"
"2018320","2025950","2026-01-09","72.20","NZD","1763516860","335271/2026-01-09/1763516860.json"
"2018327","2025908","2026-01-09","81.00","NZD","1763516860","335271/2026-01-09/1763516860.json"
"2018327","2025951","2026-01-09","76.95","NZD","1763516860","335271/2026-01-09/1763516860.json"
"2018317","2025898","2026-01-09","81.00","NZD","1763516860","335271/2026-01-09/1763516860.json"
"2018317","2025944","2026-01-09","76.95","NZD","1763516860","335271/2026-01-09/1763516860.json"
"2018322","2025903","2026-01-09","81.00","NZD","1763516860","335271/2026-01-09/1763516860.json"
"2018322","2025948","2026-01-09","76.95","NZD","1763516860","335271/2026-01-09/1763516860.json"
"2018321","2025902","2026-01-09","81.00","NZD","1763516860","335271/2026-01-09/1763516860.json"
"2018321","2025949","2026-01-09","76.95","NZD","1763516860","335271/2026-01-09/1763516860.json"
"2018318","2025899","2026-01-09","86.00","NZD","1763516860","335271/2026-01-09/1763516860.json"
"2018318","2025943","2026-01-09","81.70","NZD","1763516860","335271/2026-01-09/1763516860.json"
"2018319","2025900","2026-01-09","86.00","NZD","1763516860","335271/2026-01-09/1763516860.json"
"2018319","2025945","2026-01-09","81.70","NZD","1763516860","335271/2026-01-09/1763516860.json"
"2018323","2025904","2026-01-11","66.00","NZD","1763516860","335271/2026-01-11/1763516860.json"
"2018323","2025904","2026-01-12","66.00","NZD","1763516860","335271/2026-01-12/1763516860.json"
"2018323","2025954","2026-01-11","62.70","NZD","1763516860","335271/2026-01-11/1763516860.json"
"2018323","2025954","2026-01-12","62.70","NZD","1763516860","335271/2026-01-12/1763516860.json"
"2018326","2025907","2026-01-12","71.00","NZD","1763516860","335271/2026-01-12/1763516860.json"
"2018326","2025907","2026-01-11","71.00","NZD","1763516860","335271/2026-01-11/1763516860.json"
"2018326","2025952","2026-01-12","67.45","NZD","1763516860","335271/2026-01-12/1763516860.json"
"2018325","2025906","2026-01-12","71.00","NZD","1763516860","335271/2026-01-12/1763516860.json"
"2018326","2025952","2026-01-11","67.45","NZD","1763516860","335271/2026-01-11/1763516860.json"
"2018325","2025953","2026-01-12","67.45","NZD","1763516860","335271/2026-01-12/1763516860.json"
"2018320","2025901","2026-01-12","76.00","NZD","1763516860","335271/2026-01-12/1763516860.json"
"2018325","2025906","2026-01-11","71.00","NZD","1763516860","335271/2026-01-11/1763516860.json"
"2018320","2025950","2026-01-12","72.20","NZD","1763516860","335271/2026-01-12/1763516860.json"
"2018327","2025908","2026-01-12","81.00","NZD","1763516860","335271/2026-01-12/1763516860.json"
"2018325","2025953","2026-01-11","67.45","NZD","1763516860","335271/2026-01-11/1763516860.json"
"2018327","2025951","2026-01-12","76.95","NZD","1763516860","335271/2026-01-12/1763516860.json"
"2018317","2025898","2026-01-12","81.00","NZD","1763516860","335271/2026-01-12/1763516860.json"
"2018320","2025901","2026-01-11","76.00","NZD","1763516860","335271/2026-01-11/1763516860.json"
"2018320","2025950","2026-01-11","72.20","NZD","1763516860","335271/2026-01-11/1763516860.json"
"2018317","2025944","2026-01-12","76.95","NZD","1763516860","335271/2026-01-12/1763516860.json"
"2018327","2025908","2026-01-11","81.00","NZD","1763516860","335271/2026-01-11/1763516860.json"
"2018322","2025903","2026-01-12","81.00","NZD","1763516860","335271/2026-01-12/1763516860.json"
"2018327","2025951","2026-01-11","76.95","NZD","1763516860","335271/2026-01-11/1763516860.json"
"2018322","2025948","2026-01-12","76.95","NZD","1763516860","335271/2026-01-12/1763516860.json"
"2018317","2025898","2026-01-11","81.00","NZD","1763516860","335271/2026-01-11/1763516860.json"
"2018321","2025902","2026-01-12","81.00","NZD","1763516860","335271/2026-01-12/1763516860.json"
"2018317","2025944","2026-01-11","76.95","NZD","1763516860","335271/2026-01-11/1763516860.json"
"2018321","2025949","2026-01-12","76.95","NZD","1763516860","335271/2026-01-12/1763516860.json"
"2018322","2025903","2026-01-11","81.00","NZD","1763516860","335271/2026-01-11/1763516860.json"
"2018318","2025899","2026-01-12","86.00","NZD","1763516860","335271/2026-01-12/1763516860.json"
"2018322","2025948","2026-01-11","76.95","NZD","1763516860","335271/2026-01-11/1763516860.json"
"2018318","2025943","2026-01-12","81.70","NZD","1763516860","335271/2026-01-12/1763516860.json"
"2018321","2025902","2026-01-11","81.00","NZD","1763516860","335271/2026-01-11/1763516860.json"
"2018319","2025900","2026-01-12","86.00","NZD","1763516860","335271/2026-01-12/1763516860.json"
"2018321","2025949","2026-01-11","76.95","NZD","1763516860","335271/2026-01-11/1763516860.json"
"2018319","2025945","2026-01-12","81.70","NZD","1763516860","335271/2026-01-12/1763516860.json"
"2018318","2025899","2026-01-11","86.00","NZD","1763516860","335271/2026-01-11/1763516860.json"
"2018318","2025943","2026-01-11","81.70","NZD","1763516860","335271/2026-01-11/1763516860.json"
"2018319","2025900","2026-01-11","86.00","NZD","1763516860","335271/2026-01-11/1763516860.json"
"2018319","2025945","2026-01-11","81.70","NZD","1763516860","335271/2026-01-11/1763516860.json"
"2018323","2025904","2026-01-10","66.00","NZD","1763516860","335271/2026-01-10/1763516860.json"
"2018323","2025954","2026-01-10","62.70","NZD","1763516860","335271/2026-01-10/1763516860.json"
"2018326","2025907","2026-01-10","71.00","NZD","1763516860","335271/2026-01-10/1763516860.json"
"2018326","2025952","2026-01-10","67.45","NZD","1763516860","335271/2026-01-10/1763516860.json"
"2018325","2025906","2026-01-10","71.00","NZD","1763516860","335271/2026-01-10/1763516860.json"
"2018325","2025953","2026-01-10","67.45","NZD","1763516860","335271/2026-01-10/1763516860.json"
"2018320","2025901","2026-01-10","76.00","NZD","1763516860","335271/2026-01-10/1763516860.json"
"2018320","2025950","2026-01-10","72.20","NZD","1763516860","335271/2026-01-10/1763516860.json"
"2018327","2025908","2026-01-10","81.00","NZD","1763516860","335271/2026-01-10/1763516860.json"
"2018327","2025951","2026-01-10","76.95","NZD","1763516860","335271/2026-01-10/1763516860.json"
"2018317","2025898","2026-01-10","81.00","NZD","1763516860","335271/2026-01-10/1763516860.json"
"2018317","2025944","2026-01-10","76.95","NZD","1763516860","335271/2026-01-10/1763516860.json"
"2018322","2025903","2026-01-10","81.00","NZD","1763516860","335271/2026-01-10/1763516860.json"
"2018322","2025948","2026-01-10","76.95","NZD","1763516860","335271/2026-01-10/1763516860.json"
"2018321","2025902","2026-01-10","81.00","NZD","1763516860","335271/2026-01-10/1763516860.json"
"2018321","2025949","2026-01-10","76.95","NZD","1763516860","335271/2026-01-10/1763516860.json"
"2018318","2025899","2026-01-10","86.00","NZD","1763516860","335271/2026-01-10/1763516860.json"
"2018318","2025943","2026-01-10","81.70","NZD","1763516860","335271/2026-01-10/1763516860.json"
"2018319","2025900","2026-01-10","86.00","NZD","1763516860","335271/2026-01-10/1763516860.json"
"2018319","2025945","2026-01-10","81.70","NZD","1763516860","335271/2026-01-10/1763516860.json"
"2018323","2025904","2026-01-13","66.00","NZD","1763516860","335271/2026-01-13/1763516860.json"
"2018323","2025954","2026-01-13","62.70","NZD","1763516860","335271/2026-01-13/1763516860.json"
"2018326","2025907","2026-01-13","71.00","NZD","1763516860","335271/2026-01-13/1763516860.json"
"2018326","2025952","2026-01-13","67.45","NZD","1763516860","335271/2026-01-13/1763516860.json"
"2018325","2025906","2026-01-13","71.00","NZD","1763516860","335271/2026-01-13/1763516860.json"
"2018325","2025953","2026-01-13","67.45","NZD","1763516860","335271/2026-01-13/1763516860.json"
"2018320","2025901","2026-01-13","76.00","NZD","1763516860","335271/2026-01-13/1763516860.json"
"2018320","2025950","2026-01-13","72.20","NZD","1763516860","335271/2026-01-13/1763516860.json"
"2018327","2025908","2026-01-13","81.00","NZD","1763516860","335271/2026-01-13/1763516860.json"
"2018327","2025951","2026-01-13","76.95","NZD","1763516860","335271/2026-01-13/1763516860.json"
"2018317","2025898","2026-01-13","81.00","NZD","1763516860","335271/2026-01-13/1763516860.json"
"2018317","2025944","2026-01-13","76.95","NZD","1763516860","335271/2026-01-13/1763516860.json"
"2018322","2025903","2026-01-13","81.00","NZD","1763516860","335271/2026-01-13/1763516860.json"
"2018322","2025948","2026-01-13","76.95","NZD","1763516860","335271/2026-01-13/1763516860.json"
"2018321","2025902","2026-01-13","81.00","NZD","1763516860","335271/2026-01-13/1763516860.json"
"2018321","2025949","2026-01-13","76.95","NZD","1763516860","335271/2026-01-13/1763516860.json"
"2018318","2025899","2026-01-13","86.00","NZD","1763516860","335271/2026-01-13/1763516860.json"
"2018318","2025943","2026-01-13","81.70","NZD","1763516860","335271/2026-01-13/1763516860.json"
"2018319","2025900","2026-01-13","86.00","NZD","1763516860","335271/2026-01-13/1763516860.json"
"2018319","2025945","2026-01-13","81.70","NZD","1763516860","335271/2026-01-13/1763516860.json"
"2018323","2025904","2026-01-15","66.00","NZD","1763516860","335271/2026-01-15/1763516860.json"
"2018323","2025954","2026-01-15","62.70","NZD","1763516860","335271/2026-01-15/1763516860.json"
"2018326","2025907","2026-01-15","71.00","NZD","1763516860","335271/2026-01-15/1763516860.json"
"2018326","2025952","2026-01-15","67.45","NZD","1763516860","335271/2026-01-15/1763516860.json"
"2018325","2025906","2026-01-15","71.00","NZD","1763516860","335271/2026-01-15/1763516860.json"
"2018325","2025953","2026-01-15","67.45","NZD","1763516860","335271/2026-01-15/1763516860.json"
"2018320","2025901","2026-01-15","76.00","NZD","1763516860","335271/2026-01-15/1763516860.json"
"2018320","2025950","2026-01-15","72.20","NZD","1763516860","335271/2026-01-15/1763516860.json"
"2018327","2025908","2026-01-15","81.00","NZD","1763516860","335271/2026-01-15/1763516860.json"
"2018327","2025951","2026-01-15","76.95","NZD","1763516860","335271/2026-01-15/1763516860.json"
"2018317","2025898","2026-01-15","81.00","NZD","1763516860","335271/2026-01-15/1763516860.json"
"2018317","2025944","2026-01-15","76.95","NZD","1763516860","335271/2026-01-15/1763516860.json"
"2018322","2025903","2026-01-15","81.00","NZD","1763516860","335271/2026-01-15/1763516860.json"
"2018322","2025948","2026-01-15","76.95","NZD","1763516860","335271/2026-01-15/1763516860.json"
"2018321","2025902","2026-01-15","81.00","NZD","1763516860","335271/2026-01-15/1763516860.json"
"2018321","2025949","2026-01-15","76.95","NZD","1763516860","335271/2026-01-15/1763516860.json"
"2018318","2025899","2026-01-15","86.00","NZD","1763516860","335271/2026-01-15/1763516860.json"
"2018318","2025943","2026-01-15","81.70","NZD","1763516860","335271/2026-01-15/1763516860.json"
"2018319","2025900","2026-01-15","86.00","NZD","1763516860","335271/2026-01-15/1763516860.json"
"2018319","2025945","2026-01-15","81.70","NZD","1763516860","335271/2026-01-15/1763516860.json"
"2018323","2025904","2026-01-14","66.00","NZD","1763516860","335271/2026-01-14/1763516860.json"
"2018323","2025954","2026-01-14","62.70","NZD","1763516860","335271/2026-01-14/1763516860.json"
"2018326","2025907","2026-01-14","71.00","NZD","1763516860","335271/2026-01-14/1763516860.json"
"2018326","2025952","2026-01-14","67.45","NZD","1763516860","335271/2026-01-14/1763516860.json"
"2018325","2025906","2026-01-14","71.00","NZD","1763516860","335271/2026-01-14/1763516860.json"
"2018325","2025953","2026-01-14","67.45","NZD","1763516860","335271/2026-01-14/1763516860.json"
"2018320","2025901","2026-01-14","76.00","NZD","1763516860","335271/2026-01-14/1763516860.json"
"2018320","2025950","2026-01-14","72.20","NZD","1763516860","335271/2026-01-14/1763516860.json"
"2018327","2025908","2026-01-14","81.00","NZD","1763516860","335271/2026-01-14/1763516860.json"
"2018327","2025951","2026-01-14","76.95","NZD","1763516860","335271/2026-01-14/1763516860.json"
"2018317","2025898","2026-01-14","81.00","NZD","1763516860","335271/2026-01-14/1763516860.json"
"2018317","2025944","2026-01-14","76.95","NZD","1763516860","335271/2026-01-14/1763516860.json"
"2018322","2025903","2026-01-14","81.00","NZD","1763516860","335271/2026-01-14/1763516860.json"
"2018322","2025948","2026-01-14","76.95","NZD","1763516860","335271/2026-01-14/1763516860.json"
"2018321","2025902","2026-01-14","81.00","NZD","1763516860","335271/2026-01-14/1763516860.json"
"2018321","2025949","2026-01-14","76.95","NZD","1763516860","335271/2026-01-14/1763516860.json"
"2018318","2025899","2026-01-14","86.00","NZD","1763516860","335271/2026-01-14/1763516860.json"
"2018318","2025943","2026-01-14","81.70","NZD","1763516860","335271/2026-01-14/1763516860.json"
"2018319","2025900","2026-01-14","86.00","NZD","1763516860","335271/2026-01-14/1763516860.json"
"2018319","2025945","2026-01-14","81.70","NZD","1763516860","335271/2026-01-14/1763516860.json"
"2018323","2025904","2026-01-16","99.00","NZD","1763516860","335271/2026-01-16/1763516860.json"
"2018323","2025954","2026-01-16","94.05","NZD","1763516860","335271/2026-01-16/1763516860.json"
"2018326","2025907","2026-01-16","104.00","NZD","1763516860","335271/2026-01-16/1763516860.json"
"2018326","2025952","2026-01-16","98.80","NZD","1763516860","335271/2026-01-16/1763516860.json"
"2018325","2025906","2026-01-16","104.00","NZD","1763516860","335271/2026-01-16/1763516860.json"
"2018325","2025953","2026-01-16","98.80","NZD","1763516860","335271/2026-01-16/1763516860.json"
"2018320","2025901","2026-01-16","109.00","NZD","1763516860","335271/2026-01-16/1763516860.json"
"2018320","2025950","2026-01-16","103.55","NZD","1763516860","335271/2026-01-16/1763516860.json"
"2018327","2025908","2026-01-16","114.00","NZD","1763516860","335271/2026-01-16/1763516860.json"
"2018327","2025951","2026-01-16","108.30","NZD","1763516860","335271/2026-01-16/1763516860.json"
"2018317","2025898","2026-01-16","114.00","NZD","1763516860","335271/2026-01-16/1763516860.json"
"2018317","2025944","2026-01-16","108.30","NZD","1763516860","335271/2026-01-16/1763516860.json"
"2018322","2025903","2026-01-16","114.00","NZD","1763516860","335271/2026-01-16/1763516860.json"
"2018322","2025948","2026-01-16","108.30","NZD","1763516860","335271/2026-01-16/1763516860.json"
"2018321","2025902","2026-01-16","114.00","NZD","1763516860","335271/2026-01-16/1763516860.json"
"2018321","2025949","2026-01-16","108.30","NZD","1763516860","335271/2026-01-16/1763516860.json"
"2018318","2025899","2026-01-16","119.00","NZD","1763516860","335271/2026-01-16/1763516860.json"
"2018318","2025943","2026-01-16","113.05","NZD","1763516860","335271/2026-01-16/1763516860.json"
"2018319","2025900","2026-01-16","119.00","NZD","1763516860","335271/2026-01-16/1763516860.json"
"2018319","2025945","2026-01-16","113.05","NZD","1763516860","335271/2026-01-16/1763516860.json"
"2018323","2025904","2026-01-17","99.00","NZD","1763516860","335271/2026-01-17/1763516860.json"
"2018323","2025954","2026-01-17","94.05","NZD","1763516860","335271/2026-01-17/1763516860.json"
"2018326","2025907","2026-01-17","104.00","NZD","1763516860","335271/2026-01-17/1763516860.json"
"2018326","2025952","2026-01-17","98.80","NZD","1763516860","335271/2026-01-17/1763516860.json"
"2018325","2025906","2026-01-17","104.00","NZD","1763516860","335271/2026-01-17/1763516860.json"
"2018325","2025953","2026-01-17","98.80","NZD","1763516860","335271/2026-01-17/1763516860.json"
"2018320","2025901","2026-01-17","109.00","NZD","1763516860","335271/2026-01-17/1763516860.json"
"2018320","2025950","2026-01-17","103.55","NZD","1763516860","335271/2026-01-17/1763516860.json"
"2018327","2025908","2026-01-17","114.00","NZD","1763516860","335271/2026-01-17/1763516860.json"
"2018327","2025951","2026-01-17","108.30","NZD","1763516860","335271/2026-01-17/1763516860.json"
"2018317","2025898","2026-01-17","114.00","NZD","1763516860","335271/2026-01-17/1763516860.json"
"2018317","2025944","2026-01-17","108.30","NZD","1763516860","335271/2026-01-17/1763516860.json"
"2018322","2025903","2026-01-17","114.00","NZD","1763516860","335271/2026-01-17/1763516860.json"
"2018322","2025948","2026-01-17","108.30","NZD","1763516860","335271/2026-01-17/1763516860.json"
"2018321","2025902","2026-01-17","114.00","NZD","1763516860","335271/2026-01-17/1763516860.json"
"2018321","2025949","2026-01-17","108.30","NZD","1763516860","335271/2026-01-17/1763516860.json"
"2018318","2025899","2026-01-17","119.00","NZD","1763516860","335271/2026-01-17/1763516860.json"
"2018318","2025943","2026-01-17","113.05","NZD","1763516860","335271/2026-01-17/1763516860.json"
"2018319","2025900","2026-01-17","119.00","NZD","1763516860","335271/2026-01-17/1763516860.json"
"2018319","2025945","2026-01-17","113.05","NZD","1763516860","335271/2026-01-17/1763516860.json"
"2018323","2025904","2026-01-18","66.00","NZD","1763516860","335271/2026-01-18/1763516860.json"
"2018323","2025954","2026-01-18","62.70","NZD","1763516860","335271/2026-01-18/1763516860.json"
"2018326","2025907","2026-01-18","71.00","NZD","1763516860","335271/2026-01-18/1763516860.json"
"2018326","2025952","2026-01-18","67.45","NZD","1763516860","335271/2026-01-18/1763516860.json"
"2018325","2025906","2026-01-18","71.00","NZD","1763516860","335271/2026-01-18/1763516860.json"
"2018325","2025953","2026-01-18","67.45","NZD","1763516860","335271/2026-01-18/1763516860.json"
"2018320","2025901","2026-01-18","76.00","NZD","1763516860","335271/2026-01-18/1763516860.json"
"2018320","2025950","2026-01-18","72.20","NZD","1763516860","335271/2026-01-18/1763516860.json"
"2018327","2025908","2026-01-18","81.00","NZD","1763516860","335271/2026-01-18/1763516860.json"
"2018327","2025951","2026-01-18","76.95","NZD","1763516860","335271/2026-01-18/1763516860.json"
"2018317","2025898","2026-01-18","81.00","NZD","1763516860","335271/2026-01-18/1763516860.json"
"2018317","2025944","2026-01-18","76.95","NZD","1763516860","335271/2026-01-18/1763516860.json"
"2018322","2025903","2026-01-18","81.00","NZD","1763516860","335271/2026-01-18/1763516860.json"
"2018322","2025948","2026-01-18","76.95","NZD","1763516860","335271/2026-01-18/1763516860.json"
"2018321","2025902","2026-01-18","81.00","NZD","1763516860","335271/2026-01-18/1763516860.json"
"2018321","2025949","2026-01-18","76.95","NZD","1763516860","335271/2026-01-18/1763516860.json"
"2018318","2025899","2026-01-18","86.00","NZD","1763516860","335271/2026-01-18/1763516860.json"
"2018318","2025943","2026-01-18","81.70","NZD","1763516860","335271/2026-01-18/1763516860.json"
"2018319","2025900","2026-01-18","86.00","NZD","1763516860","335271/2026-01-18/1763516860.json"
"2018319","2025945","2026-01-18","81.70","NZD","1763516860","335271/2026-01-18/1763516860.json"
"2018323","2025904","2025-11-22","99.00","NZD","1763526596","335271/2025-11-22/1763526596.json"
"2018323","2025904","2025-11-21","99.00","NZD","1763526596","335271/2025-11-21/1763526596.json"
"2018323","2025954","2025-11-22","94.05","NZD","1763526596","335271/2025-11-22/1763526596.json"
"2018323","2025954","2025-11-21","94.05","NZD","1763526596","335271/2025-11-21/1763526596.json"
"2018326","2025907","2025-11-22","104.00","NZD","1763526596","335271/2025-11-22/1763526596.json"
"2018326","2025907","2025-11-21","104.00","NZD","1763526596","335271/2025-11-21/1763526596.json"
"2018326","2025952","2025-11-22","98.80","NZD","1763526596","335271/2025-11-22/1763526596.json"
"2018326","2025952","2025-11-21","98.80","NZD","1763526596","335271/2025-11-21/1763526596.json"
"2018325","2025906","2025-11-21","104.00","NZD","1763526596","335271/2025-11-21/1763526596.json"
"2018325","2025906","2025-11-22","104.00","NZD","1763526596","335271/2025-11-22/1763526596.json"
"2018325","2025953","2025-11-21","98.80","NZD","1763526596","335271/2025-11-21/1763526596.json"
"2018325","2025953","2025-11-22","98.80","NZD","1763526596","335271/2025-11-22/1763526596.json"
"2018320","2025901","2025-11-21","109.00","NZD","1763526596","335271/2025-11-21/1763526596.json"
"2018320","2025901","2025-11-22","109.00","NZD","1763526596","335271/2025-11-22/1763526596.json"
"2018320","2025950","2025-11-21","103.55","NZD","1763526596","335271/2025-11-21/1763526596.json"
"2018320","2025950","2025-11-22","103.55","NZD","1763526596","335271/2025-11-22/1763526596.json"
"2018322","2025903","2025-11-21","114.00","NZD","1763526596","335271/2025-11-21/1763526596.json"
"2018322","2025903","2025-11-22","114.00","NZD","1763526596","335271/2025-11-22/1763526596.json"
"2018322","2025948","2025-11-21","108.30","NZD","1763526596","335271/2025-11-21/1763526596.json"
"2018322","2025948","2025-11-22","108.30","NZD","1763526596","335271/2025-11-22/1763526596.json"
"2018327","2025908","2025-11-21","114.00","NZD","1763526596","335271/2025-11-21/1763526596.json"
"2018327","2025908","2025-11-22","114.00","NZD","1763526596","335271/2025-11-22/1763526596.json"
"2018327","2025951","2025-11-21","108.30","NZD","1763526596","335271/2025-11-21/1763526596.json"
"2018327","2025951","2025-11-22","108.30","NZD","1763526596","335271/2025-11-22/1763526596.json"
"2018321","2025902","2025-11-21","114.00","NZD","1763526596","335271/2025-11-21/1763526596.json"
"2018321","2025902","2025-11-22","114.00","NZD","1763526596","335271/2025-11-22/1763526596.json"
"2018321","2025949","2025-11-21","108.30","NZD","1763526596","335271/2025-11-21/1763526596.json"
"2018321","2025949","2025-11-22","108.30","NZD","1763526596","335271/2025-11-22/1763526596.json"
"2018317","2025898","2025-11-21","114.00","NZD","1763526596","335271/2025-11-21/1763526596.json"
"2018317","2025944","2025-11-21","108.30","NZD","1763526596","335271/2025-11-21/1763526596.json"
"2018317","2025898","2025-11-22","114.00","NZD","1763526596","335271/2025-11-22/1763526596.json"
"2018319","2025900","2025-11-21","119.00","NZD","1763526596","335271/2025-11-21/1763526596.json"
"2018317","2025944","2025-11-22","108.30","NZD","1763526596","335271/2025-11-22/1763526596.json"
"2018319","2025945","2025-11-21","113.05","NZD","1763526596","335271/2025-11-21/1763526596.json"
"2018319","2025900","2025-11-22","119.00","NZD","1763526596","335271/2025-11-22/1763526596.json"
"2018318","2025899","2025-11-21","119.00","NZD","1763526596","335271/2025-11-21/1763526596.json"
"2018319","2025945","2025-11-22","113.05","NZD","1763526596","335271/2025-11-22/1763526596.json"
"2018318","2025943","2025-11-21","113.05","NZD","1763526596","335271/2025-11-21/1763526596.json"
"2018318","2025899","2025-11-22","119.00","NZD","1763526596","335271/2025-11-22/1763526596.json"
"2018318","2025943","2025-11-22","113.05","NZD","1763526596","335271/2025-11-22/1763526596.json"
"2018323","2025904","2025-11-20","99.00","NZD","1763526596","335271/2025-11-20/1763526596.json"
"2018323","2025954","2025-11-20","94.05","NZD","1763526596","335271/2025-11-20/1763526596.json"
"2018326","2025907","2025-11-20","104.00","NZD","1763526596","335271/2025-11-20/1763526596.json"
"2018326","2025952","2025-11-20","98.80","NZD","1763526596","335271/2025-11-20/1763526596.json"
"2018325","2025906","2025-11-20","104.00","NZD","1763526596","335271/2025-11-20/1763526596.json"
"2018325","2025953","2025-11-20","98.80","NZD","1763526596","335271/2025-11-20/1763526596.json"
"2018320","2025901","2025-11-20","109.00","NZD","1763526596","335271/2025-11-20/1763526596.json"
"2018320","2025950","2025-11-20","103.55","NZD","1763526596","335271/2025-11-20/1763526596.json"
"2018321","2025902","2025-11-20","114.00","NZD","1763526596","335271/2025-11-20/1763526596.json"
"2018321","2025949","2025-11-20","108.30","NZD","1763526596","335271/2025-11-20/1763526596.json"
"2018327","2025908","2025-11-20","114.00","NZD","1763526596","335271/2025-11-20/1763526596.json"
"2018327","2025951","2025-11-20","108.30","NZD","1763526596","335271/2025-11-20/1763526596.json"
"2018317","2025898","2025-11-20","114.00","NZD","1763526596","335271/2025-11-20/1763526596.json"
"2018317","2025944","2025-11-20","108.30","NZD","1763526596","335271/2025-11-20/1763526596.json"
"2018322","2025903","2025-11-20","114.00","NZD","1763526596","335271/2025-11-20/1763526596.json"
"2018322","2025948","2025-11-20","108.30","NZD","1763526596","335271/2025-11-20/1763526596.json"
"2018318","2025899","2025-11-20","119.00","NZD","1763526596","335271/2025-11-20/1763526596.json"
"2018318","2025943","2025-11-20","113.05","NZD","1763526596","335271/2025-11-20/1763526596.json"
"2018319","2025900","2025-11-20","119.00","NZD","1763526596","335271/2025-11-20/1763526596.json"
"2018319","2025945","2025-11-20","113.05","NZD","1763526596","335271/2025-11-20/1763526596.json"
"2018323","2025904","2025-11-19","399.00","NZD","1763526596","335271/2025-11-19/1763526596.json"
"2018323","2025954","2025-11-19","379.05","NZD","1763526596","335271/2025-11-19/1763526596.json"
"2018325","2025906","2025-11-19","404.00","NZD","1763526596","335271/2025-11-19/1763526596.json"
"2018325","2025953","2025-11-19","383.80","NZD","1763526596","335271/2025-11-19/1763526596.json"
"2018326","2025907","2025-11-19","404.00","NZD","1763526596","335271/2025-11-19/1763526596.json"
"2018326","2025952","2025-11-19","383.80","NZD","1763526596","335271/2025-11-19/1763526596.json"
"2018320","2025901","2025-11-19","409.00","NZD","1763526596","335271/2025-11-19/1763526596.json"
"2018320","2025950","2025-11-19","388.55","NZD","1763526596","335271/2025-11-19/1763526596.json"
"2018321","2025902","2025-11-19","414.00","NZD","1763526596","335271/2025-11-19/1763526596.json"
"2018321","2025949","2025-11-19","393.30","NZD","1763526596","335271/2025-11-19/1763526596.json"
"2018322","2025903","2025-11-19","414.00","NZD","1763526596","335271/2025-11-19/1763526596.json"
"2018322","2025948","2025-11-19","393.30","NZD","1763526596","335271/2025-11-19/1763526596.json"
"2018319","2025900","2025-11-19","419.00","NZD","1763526596","335271/2025-11-19/1763526596.json"
"2018319","2025945","2025-11-19","398.05","NZD","1763526596","335271/2025-11-19/1763526596.json"
"2018323","2025904","2025-11-23","66.00","NZD","1763526596","335271/2025-11-23/1763526596.json"
"2018323","2025954","2025-11-23","62.70","NZD","1763526596","335271/2025-11-23/1763526596.json"
"2018326","2025907","2025-11-23","71.00","NZD","1763526596","335271/2025-11-23/1763526596.json"
"2018326","2025952","2025-11-23","67.45","NZD","1763526596","335271/2025-11-23/1763526596.json"
"2018325","2025906","2025-11-23","71.00","NZD","1763526596","335271/2025-11-23/1763526596.json"
"2018325","2025953","2025-11-23","67.45","NZD","1763526596","335271/2025-11-23/1763526596.json"
"2018320","2025901","2025-11-23","76.00","NZD","1763526596","335271/2025-11-23/1763526596.json"
"2018320","2025950","2025-11-23","72.20","NZD","1763526596","335271/2025-11-23/1763526596.json"
"2018322","2025903","2025-11-23","81.00","NZD","1763526596","335271/2025-11-23/1763526596.json"
"2018322","2025948","2025-11-23","76.95","NZD","1763526596","335271/2025-11-23/1763526596.json"
"2018327","2025908","2025-11-23","81.00","NZD","1763526596","335271/2025-11-23/1763526596.json"
"2018327","2025951","2025-11-23","76.95","NZD","1763526596","335271/2025-11-23/1763526596.json"
"2018321","2025902","2025-11-23","81.00","NZD","1763526596","335271/2025-11-23/1763526596.json"
"2018321","2025949","2025-11-23","76.95","NZD","1763526596","335271/2025-11-23/1763526596.json"
"2018317","2025898","2025-11-23","81.00","NZD","1763526596","335271/2025-11-23/1763526596.json"
"2018317","2025944","2025-11-23","76.95","NZD","1763526596","335271/2025-11-23/1763526596.json"
"2018319","2025900","2025-11-23","86.00","NZD","1763526596","335271/2025-11-23/1763526596.json"
"2018319","2025945","2025-11-23","81.70","NZD","1763526596","335271/2025-11-23/1763526596.json"
"2018318","2025899","2025-11-23","86.00","NZD","1763526596","335271/2025-11-23/1763526596.json"
"2018318","2025943","2025-11-23","81.70","NZD","1763526596","335271/2025-11-23/1763526596.json"
"2018323","2025904","2025-11-25","66.00","NZD","1763526596","335271/2025-11-25/1763526596.json"
"2018323","2025954","2025-11-25","62.70","NZD","1763526596","335271/2025-11-25/1763526596.json"
"2018326","2025907","2025-11-25","71.00","NZD","1763526596","335271/2025-11-25/1763526596.json"
"2018326","2025952","2025-11-25","67.45","NZD","1763526596","335271/2025-11-25/1763526596.json"
"2018325","2025906","2025-11-25","71.00","NZD","1763526596","335271/2025-11-25/1763526596.json"
"2018325","2025953","2025-11-25","67.45","NZD","1763526596","335271/2025-11-25/1763526596.json"
"2018320","2025901","2025-11-25","76.00","NZD","1763526596","335271/2025-11-25/1763526596.json"
"2018320","2025950","2025-11-25","72.20","NZD","1763526596","335271/2025-11-25/1763526596.json"
"2018322","2025903","2025-11-25","81.00","NZD","1763526596","335271/2025-11-25/1763526596.json"
"2018322","2025948","2025-11-25","76.95","NZD","1763526596","335271/2025-11-25/1763526596.json"
"2018327","2025908","2025-11-25","81.00","NZD","1763526596","335271/2025-11-25/1763526596.json"
"2018327","2025951","2025-11-25","76.95","NZD","1763526596","335271/2025-11-25/1763526596.json"
"2018321","2025902","2025-11-25","81.00","NZD","1763526596","335271/2025-11-25/1763526596.json"
"2018321","2025949","2025-11-25","76.95","NZD","1763526596","335271/2025-11-25/1763526596.json"
"2018317","2025898","2025-11-25","81.00","NZD","1763526596","335271/2025-11-25/1763526596.json"
"2018317","2025944","2025-11-25","76.95","NZD","1763526596","335271/2025-11-25/1763526596.json"
"2018319","2025900","2025-11-25","86.00","NZD","1763526596","335271/2025-11-25/1763526596.json"
"2018319","2025945","2025-11-25","81.70","NZD","1763526596","335271/2025-11-25/1763526596.json"
"2018318","2025899","2025-11-25","86.00","NZD","1763526596","335271/2025-11-25/1763526596.json"
"2018318","2025943","2025-11-25","81.70","NZD","1763526596","335271/2025-11-25/1763526596.json"
"2018323","2025904","2025-11-26","66.00","NZD","1763526596","335271/2025-11-26/1763526596.json"
"2018323","2025954","2025-11-26","62.70","NZD","1763526596","335271/2025-11-26/1763526596.json"
"2018326","2025907","2025-11-26","71.00","NZD","1763526596","335271/2025-11-26/1763526596.json"
"2018326","2025952","2025-11-26","67.45","NZD","1763526596","335271/2025-11-26/1763526596.json"
"2018325","2025906","2025-11-26","71.00","NZD","1763526596","335271/2025-11-26/1763526596.json"
"2018325","2025953","2025-11-26","67.45","NZD","1763526596","335271/2025-11-26/1763526596.json"
"2018320","2025901","2025-11-26","76.00","NZD","1763526596","335271/2025-11-26/1763526596.json"
"2018320","2025950","2025-11-26","72.20","NZD","1763526596","335271/2025-11-26/1763526596.json"
"2018321","2025902","2025-11-26","81.00","NZD","1763526596","335271/2025-11-26/1763526596.json"
"2018321","2025949","2025-11-26","76.95","NZD","1763526596","335271/2025-11-26/1763526596.json"
"2018327","2025908","2025-11-26","81.00","NZD","1763526596","335271/2025-11-26/1763526596.json"
"2018327","2025951","2025-11-26","76.95","NZD","1763526596","335271/2025-11-26/1763526596.json"
"2018317","2025898","2025-11-26","81.00","NZD","1763526596","335271/2025-11-26/1763526596.json"
"2018317","2025944","2025-11-26","76.95","NZD","1763526596","335271/2025-11-26/1763526596.json"
"2018322","2025903","2025-11-26","81.00","NZD","1763526596","335271/2025-11-26/1763526596.json"
"2018322","2025948","2025-11-26","76.95","NZD","1763526596","335271/2025-11-26/1763526596.json"
"2018318","2025899","2025-11-26","86.00","NZD","1763526596","335271/2025-11-26/1763526596.json"
"2018318","2025943","2025-11-26","81.70","NZD","1763526596","335271/2025-11-26/1763526596.json"
"2018319","2025900","2025-11-26","86.00","NZD","1763526596","335271/2025-11-26/1763526596.json"
"2018319","2025945","2025-11-26","81.70","NZD","1763526596","335271/2025-11-26/1763526596.json"
"2018323","2025904","2025-11-24","66.00","NZD","1763526596","335271/2025-11-24/1763526596.json"
"2018323","2025954","2025-11-24","62.70","NZD","1763526596","335271/2025-11-24/1763526596.json"
"2018326","2025907","2025-11-24","71.00","NZD","1763526596","335271/2025-11-24/1763526596.json"
"2018326","2025952","2025-11-24","67.45","NZD","1763526596","335271/2025-11-24/1763526596.json"
"2018325","2025906","2025-11-24","71.00","NZD","1763526596","335271/2025-11-24/1763526596.json"
"2018325","2025953","2025-11-24","67.45","NZD","1763526596","335271/2025-11-24/1763526596.json"
"2018320","2025901","2025-11-24","76.00","NZD","1763526596","335271/2025-11-24/1763526596.json"
"2018320","2025950","2025-11-24","72.20","NZD","1763526596","335271/2025-11-24/1763526596.json"
"2018321","2025902","2025-11-24","81.00","NZD","1763526596","335271/2025-11-24/1763526596.json"
"2018321","2025949","2025-11-24","76.95","NZD","1763526596","335271/2025-11-24/1763526596.json"
"2018327","2025908","2025-11-24","81.00","NZD","1763526596","335271/2025-11-24/1763526596.json"
"2018327","2025951","2025-11-24","76.95","NZD","1763526596","335271/2025-11-24/1763526596.json"
"2018317","2025898","2025-11-24","81.00","NZD","1763526596","335271/2025-11-24/1763526596.json"
"2018317","2025944","2025-11-24","76.95","NZD","1763526596","335271/2025-11-24/1763526596.json"
"2018322","2025903","2025-11-24","81.00","NZD","1763526596","335271/2025-11-24/1763526596.json"
"2018322","2025948","2025-11-24","76.95","NZD","1763526596","335271/2025-11-24/1763526596.json"
"2018318","2025899","2025-11-24","86.00","NZD","1763526596","335271/2025-11-24/1763526596.json"
"2018318","2025943","2025-11-24","81.70","NZD","1763526596","335271/2025-11-24/1763526596.json"
"2018319","2025900","2025-11-24","86.00","NZD","1763526596","335271/2025-11-24/1763526596.json"
"2018319","2025945","2025-11-24","81.70","NZD","1763526596","335271/2025-11-24/1763526596.json"
"2018323","2025904","2025-11-27","66.00","NZD","1763526596","335271/2025-11-27/1763526596.json"
"2018323","2025954","2025-11-27","62.70","NZD","1763526596","335271/2025-11-27/1763526596.json"
"2018326","2025907","2025-11-27","71.00","NZD","1763526596","335271/2025-11-27/1763526596.json"
"2018326","2025952","2025-11-27","67.45","NZD","1763526596","335271/2025-11-27/1763526596.json"
"2018325","2025906","2025-11-27","71.00","NZD","1763526596","335271/2025-11-27/1763526596.json"
"2018325","2025953","2025-11-27","67.45","NZD","1763526596","335271/2025-11-27/1763526596.json"
"2018320","2025901","2025-11-27","76.00","NZD","1763526596","335271/2025-11-27/1763526596.json"
"2018320","2025950","2025-11-27","72.20","NZD","1763526596","335271/2025-11-27/1763526596.json"
"2018321","2025902","2025-11-27","81.00","NZD","1763526596","335271/2025-11-27/1763526596.json"
"2018321","2025949","2025-11-27","76.95","NZD","1763526596","335271/2025-11-27/1763526596.json"
"2018327","2025908","2025-11-27","81.00","NZD","1763526596","335271/2025-11-27/1763526596.json"
"2018327","2025951","2025-11-27","76.95","NZD","1763526596","335271/2025-11-27/1763526596.json"
"2018317","2025898","2025-11-27","81.00","NZD","1763526596","335271/2025-11-27/1763526596.json"
"2018317","2025944","2025-11-27","76.95","NZD","1763526596","335271/2025-11-27/1763526596.json"
"2018322","2025903","2025-11-27","81.00","NZD","1763526596","335271/2025-11-27/1763526596.json"
"2018322","2025948","2025-11-27","76.95","NZD","1763526596","335271/2025-11-27/1763526596.json"
"2018318","2025899","2025-11-27","86.00","NZD","1763526596","335271/2025-11-27/1763526596.json"
"2018318","2025943","2025-11-27","81.70","NZD","1763526596","335271/2025-11-27/1763526596.json"
"2018319","2025900","2025-11-27","86.00","NZD","1763526596","335271/2025-11-27/1763526596.json"
"2018319","2025945","2025-11-27","81.70","NZD","1763526596","335271/2025-11-27/1763526596.json"
"2018323","2025904","2025-11-29","66.00","NZD","1763526596","335271/2025-11-29/1763526596.json"
"2018323","2025954","2025-11-29","62.70","NZD","1763526596","335271/2025-11-29/1763526596.json"
"2018326","2025907","2025-11-29","71.00","NZD","1763526596","335271/2025-11-29/1763526596.json"
"2018326","2025952","2025-11-29","67.45","NZD","1763526596","335271/2025-11-29/1763526596.json"
"2018325","2025906","2025-11-29","71.00","NZD","1763526596","335271/2025-11-29/1763526596.json"
"2018325","2025953","2025-11-29","67.45","NZD","1763526596","335271/2025-11-29/1763526596.json"
"2018320","2025901","2025-11-29","76.00","NZD","1763526596","335271/2025-11-29/1763526596.json"
"2018320","2025950","2025-11-29","72.20","NZD","1763526596","335271/2025-11-29/1763526596.json"
"2018321","2025902","2025-11-29","81.00","NZD","1763526596","335271/2025-11-29/1763526596.json"
"2018321","2025949","2025-11-29","76.95","NZD","1763526596","335271/2025-11-29/1763526596.json"
"2018327","2025908","2025-11-29","81.00","NZD","1763526596","335271/2025-11-29/1763526596.json"
"2018327","2025951","2025-11-29","76.95","NZD","1763526596","335271/2025-11-29/1763526596.json"
"2018317","2025898","2025-11-29","81.00","NZD","1763526596","335271/2025-11-29/1763526596.json"
"2018317","2025944","2025-11-29","76.95","NZD","1763526596","335271/2025-11-29/1763526596.json"
"2018322","2025903","2025-11-29","81.00","NZD","1763526596","335271/2025-11-29/1763526596.json"
"2018322","2025948","2025-11-29","76.95","NZD","1763526596","335271/2025-11-29/1763526596.json"
"2018318","2025899","2025-11-29","86.00","NZD","1763526596","335271/2025-11-29/1763526596.json"
"2018318","2025943","2025-11-29","81.70","NZD","1763526596","335271/2025-11-29/1763526596.json"
"2018319","2025900","2025-11-29","86.00","NZD","1763526596","335271/2025-11-29/1763526596.json"
"2018319","2025945","2025-11-29","81.70","NZD","1763526596","335271/2025-11-29/1763526596.json"
"2018323","2025904","2025-11-30","66.00","NZD","1763526596","335271/2025-11-30/1763526596.json"
"2018323","2025954","2025-11-30","62.70","NZD","1763526596","335271/2025-11-30/1763526596.json"
"2018326","2025907","2025-11-30","71.00","NZD","1763526596","335271/2025-11-30/1763526596.json"
"2018326","2025952","2025-11-30","67.45","NZD","1763526596","335271/2025-11-30/1763526596.json"
"2018325","2025906","2025-11-30","71.00","NZD","1763526596","335271/2025-11-30/1763526596.json"
"2018325","2025953","2025-11-30","67.45","NZD","1763526596","335271/2025-11-30/1763526596.json"
"2018320","2025901","2025-11-30","76.00","NZD","1763526596","335271/2025-11-30/1763526596.json"
"2018320","2025950","2025-11-30","72.20","NZD","1763526596","335271/2025-11-30/1763526596.json"
"2018321","2025902","2025-11-30","81.00","NZD","1763526596","335271/2025-11-30/1763526596.json"
"2018321","2025949","2025-11-30","76.95","NZD","1763526596","335271/2025-11-30/1763526596.json"
"2018327","2025908","2025-11-30","81.00","NZD","1763526596","335271/2025-11-30/1763526596.json"
"2018327","2025951","2025-11-30","76.95","NZD","1763526596","335271/2025-11-30/1763526596.json"
"2018317","2025898","2025-11-30","81.00","NZD","1763526596","335271/2025-11-30/1763526596.json"
"2018317","2025944","2025-11-30","76.95","NZD","1763526596","335271/2025-11-30/1763526596.json"
"2018322","2025903","2025-11-30","81.00","NZD","1763526596","335271/2025-11-30/1763526596.json"
"2018322","2025948","2025-11-30","76.95","NZD","1763526596","335271/2025-11-30/1763526596.json"
"2018318","2025899","2025-11-30","86.00","NZD","1763526596","335271/2025-11-30/1763526596.json"
"2018318","2025943","2025-11-30","81.70","NZD","1763526596","335271/2025-11-30/1763526596.json"
"2018319","2025900","2025-11-30","86.00","NZD","1763526596","335271/2025-11-30/1763526596.json"
"2018319","2025945","2025-11-30","81.70","NZD","1763526596","335271/2025-11-30/1763526596.json"
"2018323","2025904","2025-11-28","66.00","NZD","1763526596","335271/2025-11-28/1763526596.json"
"2018323","2025954","2025-11-28","62.70","NZD","1763526596","335271/2025-11-28/1763526596.json"
"2018326","2025907","2025-11-28","71.00","NZD","1763526596","335271/2025-11-28/1763526596.json"
"2018326","2025952","2025-11-28","67.45","NZD","1763526596","335271/2025-11-28/1763526596.json"
"2018325","2025906","2025-11-28","71.00","NZD","1763526596","335271/2025-11-28/1763526596.json"
"2018325","2025953","2025-11-28","67.45","NZD","1763526596","335271/2025-11-28/1763526596.json"
"2018320","2025901","2025-11-28","76.00","NZD","1763526596","335271/2025-11-28/1763526596.json"
"2018320","2025950","2025-11-28","72.20","NZD","1763526596","335271/2025-11-28/1763526596.json"
"2018321","2025902","2025-11-28","81.00","NZD","1763526596","335271/2025-11-28/1763526596.json"
"2018321","2025949","2025-11-28","76.95","NZD","1763526596","335271/2025-11-28/1763526596.json"
"2018327","2025908","2025-11-28","81.00","NZD","1763526596","335271/2025-11-28/1763526596.json"
"2018327","2025951","2025-11-28","76.95","NZD","1763526596","335271/2025-11-28/1763526596.json"
"2018317","2025898","2025-11-28","81.00","NZD","1763526596","335271/2025-11-28/1763526596.json"
"2018317","2025944","2025-11-28","76.95","NZD","1763526596","335271/2025-11-28/1763526596.json"
"2018322","2025903","2025-11-28","81.00","NZD","1763526596","335271/2025-11-28/1763526596.json"
"2018322","2025948","2025-11-28","76.95","NZD","1763526596","335271/2025-11-28/1763526596.json"
"2018318","2025899","2025-11-28","86.00","NZD","1763526596","335271/2025-11-28/1763526596.json"
"2018318","2025943","2025-11-28","81.70","NZD","1763526596","335271/2025-11-28/1763526596.json"
"2018319","2025900","2025-11-28","86.00","NZD","1763526596","335271/2025-11-28/1763526596.json"
"2018319","2025945","2025-11-28","81.70","NZD","1763526596","335271/2025-11-28/1763526596.json"
"2018323","2025904","2025-12-01","66.00","NZD","1763526596","335271/2025-12-01/1763526596.json"
"2018323","2025954","2025-12-01","62.70","NZD","1763526596","335271/2025-12-01/1763526596.json"
"2018326","2025907","2025-12-01","71.00","NZD","1763526596","335271/2025-12-01/1763526596.json"
"2018326","2025952","2025-12-01","67.45","NZD","1763526596","335271/2025-12-01/1763526596.json"
"2018325","2025906","2025-12-01","71.00","NZD","1763526596","335271/2025-12-01/1763526596.json"
"2018325","2025953","2025-12-01","67.45","NZD","1763526596","335271/2025-12-01/1763526596.json"
"2018320","2025901","2025-12-01","76.00","NZD","1763526596","335271/2025-12-01/1763526596.json"
"2018320","2025950","2025-12-01","72.20","NZD","1763526596","335271/2025-12-01/1763526596.json"
"2018321","2025902","2025-12-01","81.00","NZD","1763526596","335271/2025-12-01/1763526596.json"
"2018321","2025949","2025-12-01","76.95","NZD","1763526596","335271/2025-12-01/1763526596.json"
"2018327","2025908","2025-12-01","81.00","NZD","1763526596","335271/2025-12-01/1763526596.json"
"2018327","2025951","2025-12-01","76.95","NZD","1763526596","335271/2025-12-01/1763526596.json"
"2018317","2025898","2025-12-01","81.00","NZD","1763526596","335271/2025-12-01/1763526596.json"
"2018317","2025944","2025-12-01","76.95","NZD","1763526596","335271/2025-12-01/1763526596.json"
"2018322","2025903","2025-12-01","81.00","NZD","1763526596","335271/2025-12-01/1763526596.json"
"2018322","2025948","2025-12-01","76.95","NZD","1763526596","335271/2025-12-01/1763526596.json"
"2018318","2025899","2025-12-01","86.00","NZD","1763526596","335271/2025-12-01/1763526596.json"
"2018318","2025943","2025-12-01","81.70","NZD","1763526596","335271/2025-12-01/1763526596.json"
"2018319","2025900","2025-12-01","86.00","NZD","1763526596","335271/2025-12-01/1763526596.json"
"2018319","2025945","2025-12-01","81.70","NZD","1763526596","335271/2025-12-01/1763526596.json"
"2018323","2025904","2025-12-02","79.00","NZD","1763526596","335271/2025-12-02/1763526596.json"
"2018323","2025954","2025-12-02","75.05","NZD","1763526596","335271/2025-12-02/1763526596.json"
"2018326","2025907","2025-12-02","84.00","NZD","1763526596","335271/2025-12-02/1763526596.json"
"2018326","2025952","2025-12-02","79.80","NZD","1763526596","335271/2025-12-02/1763526596.json"
"2018325","2025906","2025-12-02","84.00","NZD","1763526596","335271/2025-12-02/1763526596.json"
"2018325","2025953","2025-12-02","79.80","NZD","1763526596","335271/2025-12-02/1763526596.json"
"2018320","2025901","2025-12-02","89.00","NZD","1763526596","335271/2025-12-02/1763526596.json"
"2018320","2025950","2025-12-02","84.55","NZD","1763526596","335271/2025-12-02/1763526596.json"
"2018322","2025903","2025-12-02","94.00","NZD","1763526596","335271/2025-12-02/1763526596.json"
"2018322","2025948","2025-12-02","89.30","NZD","1763526596","335271/2025-12-02/1763526596.json"
"2018327","2025908","2025-12-02","94.00","NZD","1763526596","335271/2025-12-02/1763526596.json"
"2018327","2025951","2025-12-02","89.30","NZD","1763526596","335271/2025-12-02/1763526596.json"
"2018321","2025902","2025-12-02","94.00","NZD","1763526596","335271/2025-12-02/1763526596.json"
"2018321","2025949","2025-12-02","89.30","NZD","1763526596","335271/2025-12-02/1763526596.json"
"2018317","2025898","2025-12-02","94.00","NZD","1763526596","335271/2025-12-02/1763526596.json"
"2018317","2025944","2025-12-02","89.30","NZD","1763526596","335271/2025-12-02/1763526596.json"
"2018319","2025900","2025-12-02","99.00","NZD","1763526596","335271/2025-12-02/1763526596.json"
"2018319","2025945","2025-12-02","94.05","NZD","1763526596","335271/2025-12-02/1763526596.json"
"2018318","2025899","2025-12-02","99.00","NZD","1763526596","335271/2025-12-02/1763526596.json"
"2018318","2025943","2025-12-02","94.05","NZD","1763526596","335271/2025-12-02/1763526596.json"
"2018323","2025904","2025-12-03","66.00","NZD","1763526596","335271/2025-12-03/1763526596.json"
"2018323","2025954","2025-12-03","62.70","NZD","1763526596","335271/2025-12-03/1763526596.json"
"2018326","2025907","2025-12-03","71.00","NZD","1763526596","335271/2025-12-03/1763526596.json"
"2018326","2025952","2025-12-03","67.45","NZD","1763526596","335271/2025-12-03/1763526596.json"
"2018325","2025906","2025-12-03","71.00","NZD","1763526596","335271/2025-12-03/1763526596.json"
"2018325","2025953","2025-12-03","67.45","NZD","1763526596","335271/2025-12-03/1763526596.json"
"2018320","2025901","2025-12-03","76.00","NZD","1763526596","335271/2025-12-03/1763526596.json"
"2018320","2025950","2025-12-03","72.20","NZD","1763526596","335271/2025-12-03/1763526596.json"
"2018321","2025902","2025-12-03","81.00","NZD","1763526596","335271/2025-12-03/1763526596.json"
"2018321","2025949","2025-12-03","76.95","NZD","1763526596","335271/2025-12-03/1763526596.json"
"2018327","2025908","2025-12-03","81.00","NZD","1763526596","335271/2025-12-03/1763526596.json"
"2018327","2025951","2025-12-03","76.95","NZD","1763526596","335271/2025-12-03/1763526596.json"
"2018317","2025898","2025-12-03","81.00","NZD","1763526596","335271/2025-12-03/1763526596.json"
"2018317","2025944","2025-12-03","76.95","NZD","1763526596","335271/2025-12-03/1763526596.json"
"2018322","2025903","2025-12-03","81.00","NZD","1763526596","335271/2025-12-03/1763526596.json"
"2018322","2025948","2025-12-03","76.95","NZD","1763526596","335271/2025-12-03/1763526596.json"
"2018318","2025899","2025-12-03","86.00","NZD","1763526596","335271/2025-12-03/1763526596.json"
"2018318","2025943","2025-12-03","81.70","NZD","1763526596","335271/2025-12-03/1763526596.json"
"2018319","2025900","2025-12-03","86.00","NZD","1763526596","335271/2025-12-03/1763526596.json"
"2018319","2025945","2025-12-03","81.70","NZD","1763526596","335271/2025-12-03/1763526596.json"
"2018323","2025904","2025-12-04","66.00","NZD","1763526596","335271/2025-12-04/1763526596.json"
"2018323","2025954","2025-12-04","62.70","NZD","1763526596","335271/2025-12-04/1763526596.json"
"2018326","2025907","2025-12-04","71.00","NZD","1763526596","335271/2025-12-04/1763526596.json"
"2018326","2025952","2025-12-04","67.45","NZD","1763526596","335271/2025-12-04/1763526596.json"
"2018325","2025906","2025-12-04","71.00","NZD","1763526596","335271/2025-12-04/1763526596.json"
"2018325","2025953","2025-12-04","67.45","NZD","1763526596","335271/2025-12-04/1763526596.json"
"2018320","2025901","2025-12-04","76.00","NZD","1763526596","335271/2025-12-04/1763526596.json"
"2018320","2025950","2025-12-04","72.20","NZD","1763526596","335271/2025-12-04/1763526596.json"
"2018322","2025903","2025-12-04","81.00","NZD","1763526596","335271/2025-12-04/1763526596.json"
"2018322","2025948","2025-12-04","76.95","NZD","1763526596","335271/2025-12-04/1763526596.json"
"2018327","2025908","2025-12-04","81.00","NZD","1763526596","335271/2025-12-04/1763526596.json"
"2018327","2025951","2025-12-04","76.95","NZD","1763526596","335271/2025-12-04/1763526596.json"
"2018321","2025902","2025-12-04","81.00","NZD","1763526596","335271/2025-12-04/1763526596.json"
"2018321","2025949","2025-12-04","76.95","NZD","1763526596","335271/2025-12-04/1763526596.json"
"2018317","2025898","2025-12-04","81.00","NZD","1763526596","335271/2025-12-04/1763526596.json"
"2018317","2025944","2025-12-04","76.95","NZD","1763526596","335271/2025-12-04/1763526596.json"
"2018319","2025900","2025-12-04","86.00","NZD","1763526596","335271/2025-12-04/1763526596.json"
"2018319","2025945","2025-12-04","81.70","NZD","1763526596","335271/2025-12-04/1763526596.json"
"2018318","2025899","2025-12-04","86.00","NZD","1763526596","335271/2025-12-04/1763526596.json"
"2018318","2025943","2025-12-04","81.70","NZD","1763526596","335271/2025-12-04/1763526596.json"
"2018323","2025904","2025-12-05","66.00","NZD","1763526596","335271/2025-12-05/1763526596.json"
"2018323","2025954","2025-12-05","62.70","NZD","1763526596","335271/2025-12-05/1763526596.json"
"2018326","2025907","2025-12-05","71.00","NZD","1763526596","335271/2025-12-05/1763526596.json"
"2018326","2025952","2025-12-05","67.45","NZD","1763526596","335271/2025-12-05/1763526596.json"
"2018325","2025906","2025-12-05","71.00","NZD","1763526596","335271/2025-12-05/1763526596.json"
"2018325","2025953","2025-12-05","67.45","NZD","1763526596","335271/2025-12-05/1763526596.json"
"2018320","2025901","2025-12-05","76.00","NZD","1763526596","335271/2025-12-05/1763526596.json"
"2018320","2025950","2025-12-05","72.20","NZD","1763526596","335271/2025-12-05/1763526596.json"
"2018321","2025902","2025-12-05","81.00","NZD","1763526596","335271/2025-12-05/1763526596.json"
"2018321","2025949","2025-12-05","76.95","NZD","1763526596","335271/2025-12-05/1763526596.json"
"2018327","2025908","2025-12-05","81.00","NZD","1763526596","335271/2025-12-05/1763526596.json"
"2018327","2025951","2025-12-05","76.95","NZD","1763526596","335271/2025-12-05/1763526596.json"
"2018317","2025898","2025-12-05","81.00","NZD","1763526596","335271/2025-12-05/1763526596.json"
"2018317","2025944","2025-12-05","76.95","NZD","1763526596","335271/2025-12-05/1763526596.json"
"2018322","2025903","2025-12-05","81.00","NZD","1763526596","335271/2025-12-05/1763526596.json"
"2018322","2025948","2025-12-05","76.95","NZD","1763526596","335271/2025-12-05/1763526596.json"
"2018318","2025899","2025-12-05","86.00","NZD","1763526596","335271/2025-12-05/1763526596.json"
"2018318","2025943","2025-12-05","81.70","NZD","1763526596","335271/2025-12-05/1763526596.json"
"2018319","2025900","2025-12-05","86.00","NZD","1763526596","335271/2025-12-05/1763526596.json"
"2018319","2025945","2025-12-05","81.70","NZD","1763526596","335271/2025-12-05/1763526596.json"
"2018323","2025904","2025-12-07","66.00","NZD","1763526596","335271/2025-12-07/1763526596.json"
"2018323","2025954","2025-12-07","62.70","NZD","1763526596","335271/2025-12-07/1763526596.json"
"2018326","2025907","2025-12-07","71.00","NZD","1763526596","335271/2025-12-07/1763526596.json"
"2018326","2025952","2025-12-07","67.45","NZD","1763526596","335271/2025-12-07/1763526596.json"
"2018325","2025906","2025-12-07","71.00","NZD","1763526596","335271/2025-12-07/1763526596.json"
"2018325","2025953","2025-12-07","67.45","NZD","1763526596","335271/2025-12-07/1763526596.json"
"2018320","2025901","2025-12-07","76.00","NZD","1763526596","335271/2025-12-07/1763526596.json"
"2018320","2025950","2025-12-07","72.20","NZD","1763526596","335271/2025-12-07/1763526596.json"
"2018321","2025902","2025-12-07","81.00","NZD","1763526596","335271/2025-12-07/1763526596.json"
"2018321","2025949","2025-12-07","76.95","NZD","1763526596","335271/2025-12-07/1763526596.json"
"2018327","2025908","2025-12-07","81.00","NZD","1763526596","335271/2025-12-07/1763526596.json"
"2018327","2025951","2025-12-07","76.95","NZD","1763526596","335271/2025-12-07/1763526596.json"
"2018317","2025898","2025-12-07","81.00","NZD","1763526596","335271/2025-12-07/1763526596.json"
"2018317","2025944","2025-12-07","76.95","NZD","1763526596","335271/2025-12-07/1763526596.json"
"2018322","2025903","2025-12-07","81.00","NZD","1763526596","335271/2025-12-07/1763526596.json"
"2018322","2025948","2025-12-07","76.95","NZD","1763526596","335271/2025-12-07/1763526596.json"
"2018318","2025899","2025-12-07","86.00","NZD","1763526596","335271/2025-12-07/1763526596.json"
"2018318","2025943","2025-12-07","81.70","NZD","1763526596","335271/2025-12-07/1763526596.json"
"2018319","2025900","2025-12-07","86.00","NZD","1763526596","335271/2025-12-07/1763526596.json"
"2018319","2025945","2025-12-07","81.70","NZD","1763526596","335271/2025-12-07/1763526596.json"
"2018323","2025904","2025-12-08","66.00","NZD","1763526596","335271/2025-12-08/1763526596.json"
"2018323","2025954","2025-12-08","62.70","NZD","1763526596","335271/2025-12-08/1763526596.json"
"2018326","2025907","2025-12-08","71.00","NZD","1763526596","335271/2025-12-08/1763526596.json"
"2018326","2025952","2025-12-08","67.45","NZD","1763526596","335271/2025-12-08/1763526596.json"
"2018325","2025906","2025-12-08","71.00","NZD","1763526596","335271/2025-12-08/1763526596.json"
"2018325","2025953","2025-12-08","67.45","NZD","1763526596","335271/2025-12-08/1763526596.json"
"2018320","2025901","2025-12-08","76.00","NZD","1763526596","335271/2025-12-08/1763526596.json"
"2018320","2025950","2025-12-08","72.20","NZD","1763526596","335271/2025-12-08/1763526596.json"
"2018321","2025902","2025-12-08","81.00","NZD","1763526596","335271/2025-12-08/1763526596.json"
"2018321","2025949","2025-12-08","76.95","NZD","1763526596","335271/2025-12-08/1763526596.json"
"2018327","2025908","2025-12-08","81.00","NZD","1763526596","335271/2025-12-08/1763526596.json"
"2018327","2025951","2025-12-08","76.95","NZD","1763526596","335271/2025-12-08/1763526596.json"
"2018317","2025898","2025-12-08","81.00","NZD","1763526596","335271/2025-12-08/1763526596.json"
"2018317","2025944","2025-12-08","76.95","NZD","1763526596","335271/2025-12-08/1763526596.json"
"2018322","2025903","2025-12-08","81.00","NZD","1763526596","335271/2025-12-08/1763526596.json"
"2018322","2025948","2025-12-08","76.95","NZD","1763526596","335271/2025-12-08/1763526596.json"
"2018318","2025899","2025-12-08","86.00","NZD","1763526596","335271/2025-12-08/1763526596.json"
"2018318","2025943","2025-12-08","81.70","NZD","1763526596","335271/2025-12-08/1763526596.json"
"2018319","2025900","2025-12-08","86.00","NZD","1763526596","335271/2025-12-08/1763526596.json"
"2018319","2025945","2025-12-08","81.70","NZD","1763526596","335271/2025-12-08/1763526596.json"
"2018323","2025904","2025-12-09","66.00","NZD","1763526596","335271/2025-12-09/1763526596.json"
"2018323","2025954","2025-12-09","62.70","NZD","1763526596","335271/2025-12-09/1763526596.json"
"2018326","2025907","2025-12-09","71.00","NZD","1763526596","335271/2025-12-09/1763526596.json"
"2018326","2025952","2025-12-09","67.45","NZD","1763526596","335271/2025-12-09/1763526596.json"
"2018325","2025906","2025-12-09","71.00","NZD","1763526596","335271/2025-12-09/1763526596.json"
"2018325","2025953","2025-12-09","67.45","NZD","1763526596","335271/2025-12-09/1763526596.json"
"2018320","2025901","2025-12-09","76.00","NZD","1763526596","335271/2025-12-09/1763526596.json"
"2018320","2025950","2025-12-09","72.20","NZD","1763526596","335271/2025-12-09/1763526596.json"
"2018321","2025902","2025-12-09","81.00","NZD","1763526596","335271/2025-12-09/1763526596.json"
"2018321","2025949","2025-12-09","76.95","NZD","1763526596","335271/2025-12-09/1763526596.json"
"2018327","2025908","2025-12-09","81.00","NZD","1763526596","335271/2025-12-09/1763526596.json"
"2018327","2025951","2025-12-09","76.95","NZD","1763526596","335271/2025-12-09/1763526596.json"
"2018317","2025898","2025-12-09","81.00","NZD","1763526596","335271/2025-12-09/1763526596.json"
"2018317","2025944","2025-12-09","76.95","NZD","1763526596","335271/2025-12-09/1763526596.json"
"2018322","2025903","2025-12-09","81.00","NZD","1763526596","335271/2025-12-09/1763526596.json"
"2018322","2025948","2025-12-09","76.95","NZD","1763526596","335271/2025-12-09/1763526596.json"
"2018318","2025899","2025-12-09","86.00","NZD","1763526596","335271/2025-12-09/1763526596.json"
"2018318","2025943","2025-12-09","81.70","NZD","1763526596","335271/2025-12-09/1763526596.json"
"2018319","2025900","2025-12-09","86.00","NZD","1763526596","335271/2025-12-09/1763526596.json"
"2018319","2025945","2025-12-09","81.70","NZD","1763526596","335271/2025-12-09/1763526596.json"
"2018323","2025904","2025-12-06","66.00","NZD","1763526596","335271/2025-12-06/1763526596.json"
"2018323","2025954","2025-12-06","62.70","NZD","1763526596","335271/2025-12-06/1763526596.json"
"2018326","2025907","2025-12-06","71.00","NZD","1763526596","335271/2025-12-06/1763526596.json"
"2018326","2025952","2025-12-06","67.45","NZD","1763526596","335271/2025-12-06/1763526596.json"
"2018325","2025906","2025-12-06","71.00","NZD","1763526596","335271/2025-12-06/1763526596.json"
"2018325","2025953","2025-12-06","67.45","NZD","1763526596","335271/2025-12-06/1763526596.json"
"2018320","2025901","2025-12-06","76.00","NZD","1763526596","335271/2025-12-06/1763526596.json"
"2018320","2025950","2025-12-06","72.20","NZD","1763526596","335271/2025-12-06/1763526596.json"
"2018321","2025902","2025-12-06","81.00","NZD","1763526596","335271/2025-12-06/1763526596.json"
"2018321","2025949","2025-12-06","76.95","NZD","1763526596","335271/2025-12-06/1763526596.json"
"2018327","2025908","2025-12-06","81.00","NZD","1763526596","335271/2025-12-06/1763526596.json"
"2018327","2025951","2025-12-06","76.95","NZD","1763526596","335271/2025-12-06/1763526596.json"
"2018317","2025898","2025-12-06","81.00","NZD","1763526596","335271/2025-12-06/1763526596.json"
"2018317","2025944","2025-12-06","76.95","NZD","1763526596","335271/2025-12-06/1763526596.json"
"2018322","2025903","2025-12-06","81.00","NZD","1763526596","335271/2025-12-06/1763526596.json"
"2018322","2025948","2025-12-06","76.95","NZD","1763526596","335271/2025-12-06/1763526596.json"
"2018318","2025899","2025-12-06","86.00","NZD","1763526596","335271/2025-12-06/1763526596.json"
"2018318","2025943","2025-12-06","81.70","NZD","1763526596","335271/2025-12-06/1763526596.json"
"2018319","2025900","2025-12-06","86.00","NZD","1763526596","335271/2025-12-06/1763526596.json"
"2018319","2025945","2025-12-06","81.70","NZD","1763526596","335271/2025-12-06/1763526596.json"
"2018323","2025904","2025-12-10","66.00","NZD","1763526596","335271/2025-12-10/1763526596.json"
"2018323","2025954","2025-12-10","62.70","NZD","1763526596","335271/2025-12-10/1763526596.json"
"2018326","2025907","2025-12-10","71.00","NZD","1763526596","335271/2025-12-10/1763526596.json"
"2018326","2025952","2025-12-10","67.45","NZD","1763526596","335271/2025-12-10/1763526596.json"
"2018325","2025906","2025-12-10","71.00","NZD","1763526596","335271/2025-12-10/1763526596.json"
"2018325","2025953","2025-12-10","67.45","NZD","1763526596","335271/2025-12-10/1763526596.json"
"2018320","2025901","2025-12-10","76.00","NZD","1763526596","335271/2025-12-10/1763526596.json"
"2018320","2025950","2025-12-10","72.20","NZD","1763526596","335271/2025-12-10/1763526596.json"
"2018321","2025902","2025-12-10","81.00","NZD","1763526596","335271/2025-12-10/1763526596.json"
"2018321","2025949","2025-12-10","76.95","NZD","1763526596","335271/2025-12-10/1763526596.json"
"2018327","2025908","2025-12-10","81.00","NZD","1763526596","335271/2025-12-10/1763526596.json"
"2018327","2025951","2025-12-10","76.95","NZD","1763526596","335271/2025-12-10/1763526596.json"
"2018317","2025898","2025-12-10","81.00","NZD","1763526596","335271/2025-12-10/1763526596.json"
"2018317","2025944","2025-12-10","76.95","NZD","1763526596","335271/2025-12-10/1763526596.json"
"2018322","2025903","2025-12-10","81.00","NZD","1763526596","335271/2025-12-10/1763526596.json"
"2018322","2025948","2025-12-10","76.95","NZD","1763526596","335271/2025-12-10/1763526596.json"
"2018318","2025899","2025-12-10","86.00","NZD","1763526596","335271/2025-12-10/1763526596.json"
"2018318","2025943","2025-12-10","81.70","NZD","1763526596","335271/2025-12-10/1763526596.json"
"2018319","2025900","2025-12-10","86.00","NZD","1763526596","335271/2025-12-10/1763526596.json"
"2018319","2025945","2025-12-10","81.70","NZD","1763526596","335271/2025-12-10/1763526596.json"
"2018323","2025904","2025-12-11","66.00","NZD","1763526596","335271/2025-12-11/1763526596.json"
"2018323","2025954","2025-12-11","62.70","NZD","1763526596","335271/2025-12-11/1763526596.json"
"2018326","2025907","2025-12-11","71.00","NZD","1763526596","335271/2025-12-11/1763526596.json"
"2018326","2025952","2025-12-11","67.45","NZD","1763526596","335271/2025-12-11/1763526596.json"
"2018325","2025906","2025-12-11","71.00","NZD","1763526596","335271/2025-12-11/1763526596.json"
"2018325","2025953","2025-12-11","67.45","NZD","1763526596","335271/2025-12-11/1763526596.json"
"2018320","2025901","2025-12-11","76.00","NZD","1763526596","335271/2025-12-11/1763526596.json"
"2018320","2025950","2025-12-11","72.20","NZD","1763526596","335271/2025-12-11/1763526596.json"
"2018321","2025902","2025-12-11","81.00","NZD","1763526596","335271/2025-12-11/1763526596.json"
"2018321","2025949","2025-12-11","76.95","NZD","1763526596","335271/2025-12-11/1763526596.json"
"2018327","2025908","2025-12-11","81.00","NZD","1763526596","335271/2025-12-11/1763526596.json"
"2018327","2025951","2025-12-11","76.95","NZD","1763526596","335271/2025-12-11/1763526596.json"
"2018317","2025898","2025-12-11","81.00","NZD","1763526596","335271/2025-12-11/1763526596.json"
"2018317","2025944","2025-12-11","76.95","NZD","1763526596","335271/2025-12-11/1763526596.json"
"2018322","2025903","2025-12-11","81.00","NZD","1763526596","335271/2025-12-11/1763526596.json"
"2018322","2025948","2025-12-11","76.95","NZD","1763526596","335271/2025-12-11/1763526596.json"
"2018318","2025899","2025-12-11","86.00","NZD","1763526596","335271/2025-12-11/1763526596.json"
"2018318","2025943","2025-12-11","81.70","NZD","1763526596","335271/2025-12-11/1763526596.json"
"2018319","2025900","2025-12-11","86.00","NZD","1763526596","335271/2025-12-11/1763526596.json"
"2018319","2025945","2025-12-11","81.70","NZD","1763526596","335271/2025-12-11/1763526596.json"
"2018323","2025904","2025-12-12","66.00","NZD","1763526596","335271/2025-12-12/1763526596.json"
"2018323","2025954","2025-12-12","62.70","NZD","1763526596","335271/2025-12-12/1763526596.json"
"2018326","2025907","2025-12-12","71.00","NZD","1763526596","335271/2025-12-12/1763526596.json"
"2018326","2025952","2025-12-12","67.45","NZD","1763526596","335271/2025-12-12/1763526596.json"
"2018325","2025906","2025-12-12","71.00","NZD","1763526596","335271/2025-12-12/1763526596.json"
"2018325","2025953","2025-12-12","67.45","NZD","1763526596","335271/2025-12-12/1763526596.json"
"2018320","2025901","2025-12-12","76.00","NZD","1763526596","335271/2025-12-12/1763526596.json"
"2018320","2025950","2025-12-12","72.20","NZD","1763526596","335271/2025-12-12/1763526596.json"
"2018322","2025903","2025-12-12","81.00","NZD","1763526596","335271/2025-12-12/1763526596.json"
"2018322","2025948","2025-12-12","76.95","NZD","1763526596","335271/2025-12-12/1763526596.json"
"2018327","2025908","2025-12-12","81.00","NZD","1763526596","335271/2025-12-12/1763526596.json"
"2018327","2025951","2025-12-12","76.95","NZD","1763526596","335271/2025-12-12/1763526596.json"
"2018317","2025898","2025-12-12","81.00","NZD","1763526596","335271/2025-12-12/1763526596.json"
"2018317","2025944","2025-12-12","76.95","NZD","1763526596","335271/2025-12-12/1763526596.json"
"2018321","2025902","2025-12-12","81.00","NZD","1763526596","335271/2025-12-12/1763526596.json"
"2018321","2025949","2025-12-12","76.95","NZD","1763526596","335271/2025-12-12/1763526596.json"
"2018318","2025899","2025-12-12","86.00","NZD","1763526596","335271/2025-12-12/1763526596.json"
"2018318","2025943","2025-12-12","81.70","NZD","1763526596","335271/2025-12-12/1763526596.json"
"2018319","2025900","2025-12-12","86.00","NZD","1763526596","335271/2025-12-12/1763526596.json"
"2018319","2025945","2025-12-12","81.70","NZD","1763526596","335271/2025-12-12/1763526596.json"
"2018323","2025904","2025-12-13","66.00","NZD","1763526596","335271/2025-12-13/1763526596.json"
"2018323","2025954","2025-12-13","62.70","NZD","1763526596","335271/2025-12-13/1763526596.json"
"2018326","2025907","2025-12-13","71.00","NZD","1763526596","335271/2025-12-13/1763526596.json"
"2018326","2025952","2025-12-13","67.45","NZD","1763526596","335271/2025-12-13/1763526596.json"
"2018325","2025906","2025-12-13","71.00","NZD","1763526596","335271/2025-12-13/1763526596.json"
"2018325","2025953","2025-12-13","67.45","NZD","1763526596","335271/2025-12-13/1763526596.json"
"2018320","2025901","2025-12-13","76.00","NZD","1763526596","335271/2025-12-13/1763526596.json"
"2018320","2025950","2025-12-13","72.20","NZD","1763526596","335271/2025-12-13/1763526596.json"
"2018321","2025902","2025-12-13","81.00","NZD","1763526596","335271/2025-12-13/1763526596.json"
"2018321","2025949","2025-12-13","76.95","NZD","1763526596","335271/2025-12-13/1763526596.json"
"2018327","2025908","2025-12-13","81.00","NZD","1763526596","335271/2025-12-13/1763526596.json"
"2018327","2025951","2025-12-13","76.95","NZD","1763526596","335271/2025-12-13/1763526596.json"
"2018317","2025898","2025-12-13","81.00","NZD","1763526596","335271/2025-12-13/1763526596.json"
"2018317","2025944","2025-12-13","76.95","NZD","1763526596","335271/2025-12-13/1763526596.json"
"2018322","2025903","2025-12-13","81.00","NZD","1763526596","335271/2025-12-13/1763526596.json"
"2018322","2025948","2025-12-13","76.95","NZD","1763526596","335271/2025-12-13/1763526596.json"
"2018318","2025899","2025-12-13","86.00","NZD","1763526596","335271/2025-12-13/1763526596.json"
"2018318","2025943","2025-12-13","81.70","NZD","1763526596","335271/2025-12-13/1763526596.json"
"2018319","2025900","2025-12-13","86.00","NZD","1763526596","335271/2025-12-13/1763526596.json"
"2018319","2025945","2025-12-13","81.70","NZD","1763526596","335271/2025-12-13/1763526596.json"
"2018323","2025904","2025-12-15","66.00","NZD","1763526596","335271/2025-12-15/1763526596.json"
"2018323","2025954","2025-12-15","62.70","NZD","1763526596","335271/2025-12-15/1763526596.json"
"2018326","2025907","2025-12-15","71.00","NZD","1763526596","335271/2025-12-15/1763526596.json"
"2018326","2025952","2025-12-15","67.45","NZD","1763526596","335271/2025-12-15/1763526596.json"
"2018325","2025906","2025-12-15","71.00","NZD","1763526596","335271/2025-12-15/1763526596.json"
"2018325","2025953","2025-12-15","67.45","NZD","1763526596","335271/2025-12-15/1763526596.json"
"2018320","2025901","2025-12-15","76.00","NZD","1763526596","335271/2025-12-15/1763526596.json"
"2018320","2025950","2025-12-15","72.20","NZD","1763526596","335271/2025-12-15/1763526596.json"
"2018321","2025902","2025-12-15","81.00","NZD","1763526596","335271/2025-12-15/1763526596.json"
"2018321","2025949","2025-12-15","76.95","NZD","1763526596","335271/2025-12-15/1763526596.json"
"2018327","2025908","2025-12-15","81.00","NZD","1763526596","335271/2025-12-15/1763526596.json"
"2018327","2025951","2025-12-15","76.95","NZD","1763526596","335271/2025-12-15/1763526596.json"
"2018317","2025898","2025-12-15","81.00","NZD","1763526596","335271/2025-12-15/1763526596.json"
"2018317","2025944","2025-12-15","76.95","NZD","1763526596","335271/2025-12-15/1763526596.json"
"2018322","2025903","2025-12-15","81.00","NZD","1763526596","335271/2025-12-15/1763526596.json"
"2018322","2025948","2025-12-15","76.95","NZD","1763526596","335271/2025-12-15/1763526596.json"
"2018318","2025899","2025-12-15","86.00","NZD","1763526596","335271/2025-12-15/1763526596.json"
"2018318","2025943","2025-12-15","81.70","NZD","1763526596","335271/2025-12-15/1763526596.json"
"2018319","2025900","2025-12-15","86.00","NZD","1763526596","335271/2025-12-15/1763526596.json"
"2018319","2025945","2025-12-15","81.70","NZD","1763526596","335271/2025-12-15/1763526596.json"
"2018323","2025904","2025-12-14","66.00","NZD","1763526596","335271/2025-12-14/1763526596.json"
"2018323","2025954","2025-12-14","62.70","NZD","1763526596","335271/2025-12-14/1763526596.json"
"2018326","2025907","2025-12-14","71.00","NZD","1763526596","335271/2025-12-14/1763526596.json"
"2018326","2025952","2025-12-14","67.45","NZD","1763526596","335271/2025-12-14/1763526596.json"
"2018325","2025906","2025-12-14","71.00","NZD","1763526596","335271/2025-12-14/1763526596.json"
"2018325","2025953","2025-12-14","67.45","NZD","1763526596","335271/2025-12-14/1763526596.json"
"2018320","2025901","2025-12-14","76.00","NZD","1763526596","335271/2025-12-14/1763526596.json"
"2018320","2025950","2025-12-14","72.20","NZD","1763526596","335271/2025-12-14/1763526596.json"
"2018321","2025902","2025-12-14","81.00","NZD","1763526596","335271/2025-12-14/1763526596.json"
"2018321","2025949","2025-12-14","76.95","NZD","1763526596","335271/2025-12-14/1763526596.json"
"2018327","2025908","2025-12-14","81.00","NZD","1763526596","335271/2025-12-14/1763526596.json"
"2018327","2025951","2025-12-14","76.95","NZD","1763526596","335271/2025-12-14/1763526596.json"
"2018317","2025898","2025-12-14","81.00","NZD","1763526596","335271/2025-12-14/1763526596.json"
"2018317","2025944","2025-12-14","76.95","NZD","1763526596","335271/2025-12-14/1763526596.json"
"2018322","2025903","2025-12-14","81.00","NZD","1763526596","335271/2025-12-14/1763526596.json"
"2018322","2025948","2025-12-14","76.95","NZD","1763526596","335271/2025-12-14/1763526596.json"
"2018318","2025899","2025-12-14","86.00","NZD","1763526596","335271/2025-12-14/1763526596.json"
"2018318","2025943","2025-12-14","81.70","NZD","1763526596","335271/2025-12-14/1763526596.json"
"2018319","2025900","2025-12-14","86.00","NZD","1763526596","335271/2025-12-14/1763526596.json"
"2018319","2025945","2025-12-14","81.70","NZD","1763526596","335271/2025-12-14/1763526596.json"
"2018323","2025904","2025-12-16","66.00","NZD","1763526596","335271/2025-12-16/1763526596.json"
"2018323","2025954","2025-12-16","62.70","NZD","1763526596","335271/2025-12-16/1763526596.json"
"2018326","2025907","2025-12-16","71.00","NZD","1763526596","335271/2025-12-16/1763526596.json"
"2018326","2025952","2025-12-16","67.45","NZD","1763526596","335271/2025-12-16/1763526596.json"
"2018325","2025906","2025-12-16","71.00","NZD","1763526596","335271/2025-12-16/1763526596.json"
"2018325","2025953","2025-12-16","67.45","NZD","1763526596","335271/2025-12-16/1763526596.json"
"2018320","2025901","2025-12-16","76.00","NZD","1763526596","335271/2025-12-16/1763526596.json"
"2018320","2025950","2025-12-16","72.20","NZD","1763526596","335271/2025-12-16/1763526596.json"
"2018321","2025902","2025-12-16","81.00","NZD","1763526596","335271/2025-12-16/1763526596.json"
"2018321","2025949","2025-12-16","76.95","NZD","1763526596","335271/2025-12-16/1763526596.json"
"2018327","2025908","2025-12-16","81.00","NZD","1763526596","335271/2025-12-16/1763526596.json"
"2018327","2025951","2025-12-16","76.95","NZD","1763526596","335271/2025-12-16/1763526596.json"
"2018317","2025898","2025-12-16","81.00","NZD","1763526596","335271/2025-12-16/1763526596.json"
"2018317","2025944","2025-12-16","76.95","NZD","1763526596","335271/2025-12-16/1763526596.json"
"2018322","2025903","2025-12-16","81.00","NZD","1763526596","335271/2025-12-16/1763526596.json"
"2018322","2025948","2025-12-16","76.95","NZD","1763526596","335271/2025-12-16/1763526596.json"
"2018318","2025899","2025-12-16","86.00","NZD","1763526596","335271/2025-12-16/1763526596.json"
"2018318","2025943","2025-12-16","81.70","NZD","1763526596","335271/2025-12-16/1763526596.json"
"2018319","2025900","2025-12-16","86.00","NZD","1763526596","335271/2025-12-16/1763526596.json"
"2018319","2025945","2025-12-16","81.70","NZD","1763526596","335271/2025-12-16/1763526596.json"
"2018323","2025904","2025-12-17","66.00","NZD","1763526596","335271/2025-12-17/1763526596.json"
"2018323","2025954","2025-12-17","62.70","NZD","1763526596","335271/2025-12-17/1763526596.json"
"2018326","2025907","2025-12-17","71.00","NZD","1763526596","335271/2025-12-17/1763526596.json"
"2018326","2025952","2025-12-17","67.45","NZD","1763526596","335271/2025-12-17/1763526596.json"
"2018325","2025906","2025-12-17","71.00","NZD","1763526596","335271/2025-12-17/1763526596.json"
"2018325","2025953","2025-12-17","67.45","NZD","1763526596","335271/2025-12-17/1763526596.json"
"2018320","2025901","2025-12-17","76.00","NZD","1763526596","335271/2025-12-17/1763526596.json"
"2018320","2025950","2025-12-17","72.20","NZD","1763526596","335271/2025-12-17/1763526596.json"
"2018321","2025902","2025-12-17","81.00","NZD","1763526596","335271/2025-12-17/1763526596.json"
"2018321","2025949","2025-12-17","76.95","NZD","1763526596","335271/2025-12-17/1763526596.json"
"2018327","2025908","2025-12-17","81.00","NZD","1763526596","335271/2025-12-17/1763526596.json"
"2018327","2025951","2025-12-17","76.95","NZD","1763526596","335271/2025-12-17/1763526596.json"
"2018317","2025898","2025-12-17","81.00","NZD","1763526596","335271/2025-12-17/1763526596.json"
"2018317","2025944","2025-12-17","76.95","NZD","1763526596","335271/2025-12-17/1763526596.json"
"2018322","2025903","2025-12-17","81.00","NZD","1763526596","335271/2025-12-17/1763526596.json"
"2018322","2025948","2025-12-17","76.95","NZD","1763526596","335271/2025-12-17/1763526596.json"
"2018318","2025899","2025-12-17","86.00","NZD","1763526596","335271/2025-12-17/1763526596.json"
"2018318","2025943","2025-12-17","81.70","NZD","1763526596","335271/2025-12-17/1763526596.json"
"2018319","2025900","2025-12-17","86.00","NZD","1763526596","335271/2025-12-17/1763526596.json"
"2018319","2025945","2025-12-17","81.70","NZD","1763526596","335271/2025-12-17/1763526596.json"
"2018323","2025904","2025-12-19","66.00","NZD","1763526596","335271/2025-12-19/1763526596.json"
"2018323","2025954","2025-12-19","62.70","NZD","1763526596","335271/2025-12-19/1763526596.json"
"2018326","2025907","2025-12-19","71.00","NZD","1763526596","335271/2025-12-19/1763526596.json"
"2018326","2025952","2025-12-19","67.45","NZD","1763526596","335271/2025-12-19/1763526596.json"
"2018325","2025906","2025-12-19","71.00","NZD","1763526596","335271/2025-12-19/1763526596.json"
"2018325","2025953","2025-12-19","67.45","NZD","1763526596","335271/2025-12-19/1763526596.json"
"2018320","2025901","2025-12-19","76.00","NZD","1763526596","335271/2025-12-19/1763526596.json"
"2018320","2025950","2025-12-19","72.20","NZD","1763526596","335271/2025-12-19/1763526596.json"
"2018321","2025902","2025-12-19","81.00","NZD","1763526596","335271/2025-12-19/1763526596.json"
"2018321","2025949","2025-12-19","76.95","NZD","1763526596","335271/2025-12-19/1763526596.json"
"2018327","2025908","2025-12-19","81.00","NZD","1763526596","335271/2025-12-19/1763526596.json"
"2018327","2025951","2025-12-19","76.95","NZD","1763526596","335271/2025-12-19/1763526596.json"
"2018317","2025898","2025-12-19","81.00","NZD","1763526596","335271/2025-12-19/1763526596.json"
"2018317","2025944","2025-12-19","76.95","NZD","1763526596","335271/2025-12-19/1763526596.json"
"2018322","2025903","2025-12-19","81.00","NZD","1763526596","335271/2025-12-19/1763526596.json"
"2018322","2025948","2025-12-19","76.95","NZD","1763526596","335271/2025-12-19/1763526596.json"
"2018318","2025899","2025-12-19","86.00","NZD","1763526596","335271/2025-12-19/1763526596.json"
"2018318","2025943","2025-12-19","81.70","NZD","1763526596","335271/2025-12-19/1763526596.json"
"2018319","2025900","2025-12-19","86.00","NZD","1763526596","335271/2025-12-19/1763526596.json"
"2018319","2025945","2025-12-19","81.70","NZD","1763526596","335271/2025-12-19/1763526596.json"
"2018323","2025904","2025-12-18","66.00","NZD","1763526596","335271/2025-12-18/1763526596.json"
"2018323","2025954","2025-12-18","62.70","NZD","1763526596","335271/2025-12-18/1763526596.json"
"2018326","2025907","2025-12-18","71.00","NZD","1763526596","335271/2025-12-18/1763526596.json"
"2018326","2025952","2025-12-18","67.45","NZD","1763526596","335271/2025-12-18/1763526596.json"
"2018325","2025906","2025-12-18","71.00","NZD","1763526596","335271/2025-12-18/1763526596.json"
"2018325","2025953","2025-12-18","67.45","NZD","1763526596","335271/2025-12-18/1763526596.json"
"2018320","2025901","2025-12-18","76.00","NZD","1763526596","335271/2025-12-18/1763526596.json"
"2018320","2025950","2025-12-18","72.20","NZD","1763526596","335271/2025-12-18/1763526596.json"
"2018321","2025902","2025-12-18","81.00","NZD","1763526596","335271/2025-12-18/1763526596.json"
"2018321","2025949","2025-12-18","76.95","NZD","1763526596","335271/2025-12-18/1763526596.json"
"2018327","2025908","2025-12-18","81.00","NZD","1763526596","335271/2025-12-18/1763526596.json"
"2018327","2025951","2025-12-18","76.95","NZD","1763526596","335271/2025-12-18/1763526596.json"
"2018317","2025898","2025-12-18","81.00","NZD","1763526596","335271/2025-12-18/1763526596.json"
"2018317","2025944","2025-12-18","76.95","NZD","1763526596","335271/2025-12-18/1763526596.json"
"2018322","2025903","2025-12-18","81.00","NZD","1763526596","335271/2025-12-18/1763526596.json"
"2018322","2025948","2025-12-18","76.95","NZD","1763526596","335271/2025-12-18/1763526596.json"
"2018318","2025899","2025-12-18","86.00","NZD","1763526596","335271/2025-12-18/1763526596.json"
"2018318","2025943","2025-12-18","81.70","NZD","1763526596","335271/2025-12-18/1763526596.json"
"2018319","2025900","2025-12-18","86.00","NZD","1763526596","335271/2025-12-18/1763526596.json"
"2018319","2025945","2025-12-18","81.70","NZD","1763526596","335271/2025-12-18/1763526596.json"
"2018323","2025904","2025-12-20","66.00","NZD","1763526596","335271/2025-12-20/1763526596.json"
"2018323","2025954","2025-12-20","62.70","NZD","1763526596","335271/2025-12-20/1763526596.json"
"2018326","2025907","2025-12-20","71.00","NZD","1763526596","335271/2025-12-20/1763526596.json"
"2018326","2025952","2025-12-20","67.45","NZD","1763526596","335271/2025-12-20/1763526596.json"
"2018325","2025906","2025-12-20","71.00","NZD","1763526596","335271/2025-12-20/1763526596.json"
"2018325","2025953","2025-12-20","67.45","NZD","1763526596","335271/2025-12-20/1763526596.json"
"2018320","2025901","2025-12-20","76.00","NZD","1763526596","335271/2025-12-20/1763526596.json"
"2018320","2025950","2025-12-20","72.20","NZD","1763526596","335271/2025-12-20/1763526596.json"
"2018321","2025902","2025-12-20","81.00","NZD","1763526596","335271/2025-12-20/1763526596.json"
"2018321","2025949","2025-12-20","76.95","NZD","1763526596","335271/2025-12-20/1763526596.json"
"2018327","2025908","2025-12-20","81.00","NZD","1763526596","335271/2025-12-20/1763526596.json"
"2018327","2025951","2025-12-20","76.95","NZD","1763526596","335271/2025-12-20/1763526596.json"
"2018317","2025898","2025-12-20","81.00","NZD","1763526596","335271/2025-12-20/1763526596.json"
"2018317","2025944","2025-12-20","76.95","NZD","1763526596","335271/2025-12-20/1763526596.json"
"2018322","2025903","2025-12-20","81.00","NZD","1763526596","335271/2025-12-20/1763526596.json"
"2018322","2025948","2025-12-20","76.95","NZD","1763526596","335271/2025-12-20/1763526596.json"
"2018318","2025899","2025-12-20","86.00","NZD","1763526596","335271/2025-12-20/1763526596.json"
"2018318","2025943","2025-12-20","81.70","NZD","1763526596","335271/2025-12-20/1763526596.json"
"2018319","2025900","2025-12-20","86.00","NZD","1763526596","335271/2025-12-20/1763526596.json"
"2018319","2025945","2025-12-20","81.70","NZD","1763526596","335271/2025-12-20/1763526596.json"
"2018323","2025904","2025-12-21","66.00","NZD","1763526596","335271/2025-12-21/1763526596.json"
"2018323","2025954","2025-12-21","62.70","NZD","1763526596","335271/2025-12-21/1763526596.json"
"2018326","2025907","2025-12-21","71.00","NZD","1763526596","335271/2025-12-21/1763526596.json"
"2018326","2025952","2025-12-21","67.45","NZD","1763526596","335271/2025-12-21/1763526596.json"
"2018325","2025906","2025-12-21","71.00","NZD","1763526596","335271/2025-12-21/1763526596.json"
"2018325","2025953","2025-12-21","67.45","NZD","1763526596","335271/2025-12-21/1763526596.json"
"2018320","2025901","2025-12-21","76.00","NZD","1763526596","335271/2025-12-21/1763526596.json"
"2018320","2025950","2025-12-21","72.20","NZD","1763526596","335271/2025-12-21/1763526596.json"
"2018321","2025902","2025-12-21","81.00","NZD","1763526596","335271/2025-12-21/1763526596.json"
"2018321","2025949","2025-12-21","76.95","NZD","1763526596","335271/2025-12-21/1763526596.json"
"2018327","2025908","2025-12-21","81.00","NZD","1763526596","335271/2025-12-21/1763526596.json"
"2018327","2025951","2025-12-21","76.95","NZD","1763526596","335271/2025-12-21/1763526596.json"
"2018317","2025898","2025-12-21","81.00","NZD","1763526596","335271/2025-12-21/1763526596.json"
"2018317","2025944","2025-12-21","76.95","NZD","1763526596","335271/2025-12-21/1763526596.json"
"2018322","2025903","2025-12-21","81.00","NZD","1763526596","335271/2025-12-21/1763526596.json"
"2018322","2025948","2025-12-21","76.95","NZD","1763526596","335271/2025-12-21/1763526596.json"
"2018318","2025899","2025-12-21","86.00","NZD","1763526596","335271/2025-12-21/1763526596.json"
"2018318","2025943","2025-12-21","81.70","NZD","1763526596","335271/2025-12-21/1763526596.json"
"2018319","2025900","2025-12-21","86.00","NZD","1763526596","335271/2025-12-21/1763526596.json"
"2018319","2025945","2025-12-21","81.70","NZD","1763526596","335271/2025-12-21/1763526596.json"
"2018323","2025904","2025-12-22","66.00","NZD","1763526596","335271/2025-12-22/1763526596.json"
"2018323","2025954","2025-12-22","62.70","NZD","1763526596","335271/2025-12-22/1763526596.json"
"2018326","2025907","2025-12-22","71.00","NZD","1763526596","335271/2025-12-22/1763526596.json"
"2018326","2025952","2025-12-22","67.45","NZD","1763526596","335271/2025-12-22/1763526596.json"
"2018325","2025906","2025-12-22","71.00","NZD","1763526596","335271/2025-12-22/1763526596.json"
"2018325","2025953","2025-12-22","67.45","NZD","1763526596","335271/2025-12-22/1763526596.json"
"2018320","2025901","2025-12-22","76.00","NZD","1763526596","335271/2025-12-22/1763526596.json"
"2018320","2025950","2025-12-22","72.20","NZD","1763526596","335271/2025-12-22/1763526596.json"
"2018321","2025902","2025-12-22","81.00","NZD","1763526596","335271/2025-12-22/1763526596.json"
"2018321","2025949","2025-12-22","76.95","NZD","1763526596","335271/2025-12-22/1763526596.json"
"2018327","2025908","2025-12-22","81.00","NZD","1763526596","335271/2025-12-22/1763526596.json"
"2018327","2025951","2025-12-22","76.95","NZD","1763526596","335271/2025-12-22/1763526596.json"
"2018317","2025898","2025-12-22","81.00","NZD","1763526596","335271/2025-12-22/1763526596.json"
"2018317","2025944","2025-12-22","76.95","NZD","1763526596","335271/2025-12-22/1763526596.json"
"2018322","2025903","2025-12-22","81.00","NZD","1763526596","335271/2025-12-22/1763526596.json"
"2018322","2025948","2025-12-22","76.95","NZD","1763526596","335271/2025-12-22/1763526596.json"
"2018318","2025899","2025-12-22","86.00","NZD","1763526596","335271/2025-12-22/1763526596.json"
"2018318","2025943","2025-12-22","81.70","NZD","1763526596","335271/2025-12-22/1763526596.json"
"2018319","2025900","2025-12-22","86.00","NZD","1763526596","335271/2025-12-22/1763526596.json"
"2018319","2025945","2025-12-22","81.70","NZD","1763526596","335271/2025-12-22/1763526596.json"
"2018323","2025904","2025-12-24","66.00","NZD","1763526596","335271/2025-12-24/1763526596.json"
"2018323","2025954","2025-12-24","62.70","NZD","1763526596","335271/2025-12-24/1763526596.json"
"2018326","2025907","2025-12-24","71.00","NZD","1763526596","335271/2025-12-24/1763526596.json"
"2018326","2025952","2025-12-24","67.45","NZD","1763526596","335271/2025-12-24/1763526596.json"
"2018325","2025906","2025-12-24","71.00","NZD","1763526596","335271/2025-12-24/1763526596.json"
"2018325","2025953","2025-12-24","67.45","NZD","1763526596","335271/2025-12-24/1763526596.json"
"2018320","2025901","2025-12-24","76.00","NZD","1763526596","335271/2025-12-24/1763526596.json"
"2018320","2025950","2025-12-24","72.20","NZD","1763526596","335271/2025-12-24/1763526596.json"
"2018321","2025902","2025-12-24","81.00","NZD","1763526596","335271/2025-12-24/1763526596.json"
"2018321","2025949","2025-12-24","76.95","NZD","1763526596","335271/2025-12-24/1763526596.json"
"2018327","2025908","2025-12-24","81.00","NZD","1763526596","335271/2025-12-24/1763526596.json"
"2018327","2025951","2025-12-24","76.95","NZD","1763526596","335271/2025-12-24/1763526596.json"
"2018317","2025898","2025-12-24","81.00","NZD","1763526596","335271/2025-12-24/1763526596.json"
"2018317","2025944","2025-12-24","76.95","NZD","1763526596","335271/2025-12-24/1763526596.json"
"2018322","2025903","2025-12-24","81.00","NZD","1763526596","335271/2025-12-24/1763526596.json"
"2018322","2025948","2025-12-24","76.95","NZD","1763526596","335271/2025-12-24/1763526596.json"
"2018318","2025899","2025-12-24","86.00","NZD","1763526596","335271/2025-12-24/1763526596.json"
"2018318","2025943","2025-12-24","81.70","NZD","1763526596","335271/2025-12-24/1763526596.json"
"2018319","2025900","2025-12-24","86.00","NZD","1763526596","335271/2025-12-24/1763526596.json"
"2018319","2025945","2025-12-24","81.70","NZD","1763526596","335271/2025-12-24/1763526596.json"
"2018323","2025904","2025-12-23","66.00","NZD","1763526596","335271/2025-12-23/1763526596.json"
"2018323","2025954","2025-12-23","62.70","NZD","1763526596","335271/2025-12-23/1763526596.json"
"2018326","2025907","2025-12-23","71.00","NZD","1763526596","335271/2025-12-23/1763526596.json"
"2018326","2025952","2025-12-23","67.45","NZD","1763526596","335271/2025-12-23/1763526596.json"
"2018325","2025906","2025-12-23","71.00","NZD","1763526596","335271/2025-12-23/1763526596.json"
"2018325","2025953","2025-12-23","67.45","NZD","1763526596","335271/2025-12-23/1763526596.json"
"2018320","2025901","2025-12-23","76.00","NZD","1763526596","335271/2025-12-23/1763526596.json"
"2018320","2025950","2025-12-23","72.20","NZD","1763526596","335271/2025-12-23/1763526596.json"
"2018321","2025902","2025-12-23","81.00","NZD","1763526596","335271/2025-12-23/1763526596.json"
"2018321","2025949","2025-12-23","76.95","NZD","1763526596","335271/2025-12-23/1763526596.json"
"2018327","2025908","2025-12-23","81.00","NZD","1763526596","335271/2025-12-23/1763526596.json"
"2018327","2025951","2025-12-23","76.95","NZD","1763526596","335271/2025-12-23/1763526596.json"
"2018317","2025898","2025-12-23","81.00","NZD","1763526596","335271/2025-12-23/1763526596.json"
"2018317","2025944","2025-12-23","76.95","NZD","1763526596","335271/2025-12-23/1763526596.json"
"2018322","2025903","2025-12-23","81.00","NZD","1763526596","335271/2025-12-23/1763526596.json"
"2018322","2025948","2025-12-23","76.95","NZD","1763526596","335271/2025-12-23/1763526596.json"
"2018318","2025899","2025-12-23","86.00","NZD","1763526596","335271/2025-12-23/1763526596.json"
"2018318","2025943","2025-12-23","81.70","NZD","1763526596","335271/2025-12-23/1763526596.json"
"2018319","2025900","2025-12-23","86.00","NZD","1763526596","335271/2025-12-23/1763526596.json"
"2018319","2025945","2025-12-23","81.70","NZD","1763526596","335271/2025-12-23/1763526596.json"
"2018323","2025904","2025-12-25","66.00","NZD","1763526596","335271/2025-12-25/1763526596.json"
"2018323","2025954","2025-12-25","62.70","NZD","1763526596","335271/2025-12-25/1763526596.json"
"2018326","2025907","2025-12-25","71.00","NZD","1763526596","335271/2025-12-25/1763526596.json"
"2018326","2025952","2025-12-25","67.45","NZD","1763526596","335271/2025-12-25/1763526596.json"
"2018325","2025906","2025-12-25","71.00","NZD","1763526596","335271/2025-12-25/1763526596.json"
"2018325","2025953","2025-12-25","67.45","NZD","1763526596","335271/2025-12-25/1763526596.json"
"2018320","2025901","2025-12-25","76.00","NZD","1763526596","335271/2025-12-25/1763526596.json"
"2018320","2025950","2025-12-25","72.20","NZD","1763526596","335271/2025-12-25/1763526596.json"
"2018321","2025902","2025-12-25","81.00","NZD","1763526596","335271/2025-12-25/1763526596.json"
"2018321","2025949","2025-12-25","76.95","NZD","1763526596","335271/2025-12-25/1763526596.json"
"2018327","2025908","2025-12-25","81.00","NZD","1763526596","335271/2025-12-25/1763526596.json"
"2018327","2025951","2025-12-25","76.95","NZD","1763526596","335271/2025-12-25/1763526596.json"
"2018317","2025898","2025-12-25","81.00","NZD","1763526596","335271/2025-12-25/1763526596.json"
"2018317","2025944","2025-12-25","76.95","NZD","1763526596","335271/2025-12-25/1763526596.json"
"2018322","2025903","2025-12-25","81.00","NZD","1763526596","335271/2025-12-25/1763526596.json"
"2018322","2025948","2025-12-25","76.95","NZD","1763526596","335271/2025-12-25/1763526596.json"
"2018318","2025899","2025-12-25","86.00","NZD","1763526596","335271/2025-12-25/1763526596.json"
"2018318","2025943","2025-12-25","81.70","NZD","1763526596","335271/2025-12-25/1763526596.json"
"2018319","2025900","2025-12-25","86.00","NZD","1763526596","335271/2025-12-25/1763526596.json"
"2018319","2025945","2025-12-25","81.70","NZD","1763526596","335271/2025-12-25/1763526596.json"
"2018323","2025904","2025-12-26","66.00","NZD","1763526596","335271/2025-12-26/1763526596.json"
"2018323","2025954","2025-12-26","62.70","NZD","1763526596","335271/2025-12-26/1763526596.json"
"2018326","2025907","2025-12-26","71.00","NZD","1763526596","335271/2025-12-26/1763526596.json"
"2018326","2025952","2025-12-26","67.45","NZD","1763526596","335271/2025-12-26/1763526596.json"
"2018325","2025906","2025-12-26","71.00","NZD","1763526596","335271/2025-12-26/1763526596.json"
"2018325","2025953","2025-12-26","67.45","NZD","1763526596","335271/2025-12-26/1763526596.json"
"2018320","2025901","2025-12-26","76.00","NZD","1763526596","335271/2025-12-26/1763526596.json"
"2018320","2025950","2025-12-26","72.20","NZD","1763526596","335271/2025-12-26/1763526596.json"
"2018321","2025902","2025-12-26","81.00","NZD","1763526596","335271/2025-12-26/1763526596.json"
"2018321","2025949","2025-12-26","76.95","NZD","1763526596","335271/2025-12-26/1763526596.json"
"2018327","2025908","2025-12-26","81.00","NZD","1763526596","335271/2025-12-26/1763526596.json"
"2018327","2025951","2025-12-26","76.95","NZD","1763526596","335271/2025-12-26/1763526596.json"
"2018317","2025898","2025-12-26","81.00","NZD","1763526596","335271/2025-12-26/1763526596.json"
"2018317","2025944","2025-12-26","76.95","NZD","1763526596","335271/2025-12-26/1763526596.json"
"2018322","2025903","2025-12-26","81.00","NZD","1763526596","335271/2025-12-26/1763526596.json"
"2018322","2025948","2025-12-26","76.95","NZD","1763526596","335271/2025-12-26/1763526596.json"
"2018318","2025899","2025-12-26","86.00","NZD","1763526596","335271/2025-12-26/1763526596.json"
"2018318","2025943","2025-12-26","81.70","NZD","1763526596","335271/2025-12-26/1763526596.json"
"2018319","2025900","2025-12-26","86.00","NZD","1763526596","335271/2025-12-26/1763526596.json"
"2018319","2025945","2025-12-26","81.70","NZD","1763526596","335271/2025-12-26/1763526596.json"
"2018323","2025904","2025-12-27","66.00","NZD","1763526596","335271/2025-12-27/1763526596.json"
"2018323","2025954","2025-12-27","62.70","NZD","1763526596","335271/2025-12-27/1763526596.json"
"2018326","2025907","2025-12-27","71.00","NZD","1763526596","335271/2025-12-27/1763526596.json"
"2018326","2025952","2025-12-27","67.45","NZD","1763526596","335271/2025-12-27/1763526596.json"
"2018325","2025906","2025-12-27","71.00","NZD","1763526596","335271/2025-12-27/1763526596.json"
"2018325","2025953","2025-12-27","67.45","NZD","1763526596","335271/2025-12-27/1763526596.json"
"2018320","2025901","2025-12-27","76.00","NZD","1763526596","335271/2025-12-27/1763526596.json"
"2018320","2025950","2025-12-27","72.20","NZD","1763526596","335271/2025-12-27/1763526596.json"
"2018321","2025902","2025-12-27","81.00","NZD","1763526596","335271/2025-12-27/1763526596.json"
"2018321","2025949","2025-12-27","76.95","NZD","1763526596","335271/2025-12-27/1763526596.json"
"2018327","2025908","2025-12-27","81.00","NZD","1763526596","335271/2025-12-27/1763526596.json"
"2018327","2025951","2025-12-27","76.95","NZD","1763526596","335271/2025-12-27/1763526596.json"
"2018317","2025898","2025-12-27","81.00","NZD","1763526596","335271/2025-12-27/1763526596.json"
"2018317","2025944","2025-12-27","76.95","NZD","1763526596","335271/2025-12-27/1763526596.json"
"2018322","2025903","2025-12-27","81.00","NZD","1763526596","335271/2025-12-27/1763526596.json"
"2018322","2025948","2025-12-27","76.95","NZD","1763526596","335271/2025-12-27/1763526596.json"
"2018318","2025899","2025-12-27","86.00","NZD","1763526596","335271/2025-12-27/1763526596.json"
"2018318","2025943","2025-12-27","81.70","NZD","1763526596","335271/2025-12-27/1763526596.json"
"2018319","2025900","2025-12-27","86.00","NZD","1763526596","335271/2025-12-27/1763526596.json"
"2018319","2025945","2025-12-27","81.70","NZD","1763526596","335271/2025-12-27/1763526596.json"
"2018323","2025904","2025-12-28","66.00","NZD","1763526596","335271/2025-12-28/1763526596.json"
"2018323","2025954","2025-12-28","62.70","NZD","1763526596","335271/2025-12-28/1763526596.json"
"2018326","2025907","2025-12-28","71.00","NZD","1763526596","335271/2025-12-28/1763526596.json"
"2018326","2025952","2025-12-28","67.45","NZD","1763526596","335271/2025-12-28/1763526596.json"
"2018325","2025906","2025-12-28","71.00","NZD","1763526596","335271/2025-12-28/1763526596.json"
"2018325","2025953","2025-12-28","67.45","NZD","1763526596","335271/2025-12-28/1763526596.json"
"2018320","2025901","2025-12-28","76.00","NZD","1763526596","335271/2025-12-28/1763526596.json"
"2018320","2025950","2025-12-28","72.20","NZD","1763526596","335271/2025-12-28/1763526596.json"
"2018321","2025902","2025-12-28","81.00","NZD","1763526596","335271/2025-12-28/1763526596.json"
"2018321","2025949","2025-12-28","76.95","NZD","1763526596","335271/2025-12-28/1763526596.json"
"2018327","2025908","2025-12-28","81.00","NZD","1763526596","335271/2025-12-28/1763526596.json"
"2018327","2025951","2025-12-28","76.95","NZD","1763526596","335271/2025-12-28/1763526596.json"
"2018317","2025898","2025-12-28","81.00","NZD","1763526596","335271/2025-12-28/1763526596.json"
"2018317","2025944","2025-12-28","76.95","NZD","1763526596","335271/2025-12-28/1763526596.json"
"2018322","2025903","2025-12-28","81.00","NZD","1763526596","335271/2025-12-28/1763526596.json"
"2018322","2025948","2025-12-28","76.95","NZD","1763526596","335271/2025-12-28/1763526596.json"
"2018318","2025899","2025-12-28","86.00","NZD","1763526596","335271/2025-12-28/1763526596.json"
"2018318","2025943","2025-12-28","81.70","NZD","1763526596","335271/2025-12-28/1763526596.json"
"2018319","2025900","2025-12-28","86.00","NZD","1763526596","335271/2025-12-28/1763526596.json"
"2018319","2025945","2025-12-28","81.70","NZD","1763526596","335271/2025-12-28/1763526596.json"
"2018323","2025904","2025-12-31","99.00","NZD","1763526596","335271/2025-12-31/1763526596.json"
"2018323","2025954","2025-12-31","94.05","NZD","1763526596","335271/2025-12-31/1763526596.json"
"2018326","2025907","2025-12-31","104.00","NZD","1763526596","335271/2025-12-31/1763526596.json"
"2018326","2025952","2025-12-31","98.80","NZD","1763526596","335271/2025-12-31/1763526596.json"
"2018325","2025906","2025-12-31","104.00","NZD","1763526596","335271/2025-12-31/1763526596.json"
"2018325","2025953","2025-12-31","98.80","NZD","1763526596","335271/2025-12-31/1763526596.json"
"2018320","2025901","2025-12-31","109.00","NZD","1763526596","335271/2025-12-31/1763526596.json"
"2018320","2025950","2025-12-31","103.55","NZD","1763526596","335271/2025-12-31/1763526596.json"
"2018327","2025908","2025-12-31","114.00","NZD","1763526596","335271/2025-12-31/1763526596.json"
"2018327","2025951","2025-12-31","108.30","NZD","1763526596","335271/2025-12-31/1763526596.json"
"2018317","2025898","2025-12-31","114.00","NZD","1763526596","335271/2025-12-31/1763526596.json"
"2018317","2025944","2025-12-31","108.30","NZD","1763526596","335271/2025-12-31/1763526596.json"
"2018322","2025903","2025-12-31","114.00","NZD","1763526596","335271/2025-12-31/1763526596.json"
"2018322","2025948","2025-12-31","108.30","NZD","1763526596","335271/2025-12-31/1763526596.json"
"2018321","2025902","2025-12-31","114.00","NZD","1763526596","335271/2025-12-31/1763526596.json"
"2018321","2025949","2025-12-31","108.30","NZD","1763526596","335271/2025-12-31/1763526596.json"
"2018318","2025899","2025-12-31","119.00","NZD","1763526596","335271/2025-12-31/1763526596.json"
"2018318","2025943","2025-12-31","113.05","NZD","1763526596","335271/2025-12-31/1763526596.json"
"2018319","2025900","2025-12-31","119.00","NZD","1763526596","335271/2025-12-31/1763526596.json"
"2018319","2025945","2025-12-31","113.05","NZD","1763526596","335271/2025-12-31/1763526596.json"
"2018323","2025904","2025-12-30","66.00","NZD","1763526596","335271/2025-12-30/1763526596.json"
"2018323","2025954","2025-12-30","62.70","NZD","1763526596","335271/2025-12-30/1763526596.json"
"2018326","2025907","2025-12-30","71.00","NZD","1763526596","335271/2025-12-30/1763526596.json"
"2018326","2025952","2025-12-30","67.45","NZD","1763526596","335271/2025-12-30/1763526596.json"
"2018325","2025906","2025-12-30","71.00","NZD","1763526596","335271/2025-12-30/1763526596.json"
"2018325","2025953","2025-12-30","67.45","NZD","1763526596","335271/2025-12-30/1763526596.json"
"2018320","2025901","2025-12-30","76.00","NZD","1763526596","335271/2025-12-30/1763526596.json"
"2018320","2025950","2025-12-30","72.20","NZD","1763526596","335271/2025-12-30/1763526596.json"
"2018321","2025902","2025-12-30","81.00","NZD","1763526596","335271/2025-12-30/1763526596.json"
"2018321","2025949","2025-12-30","76.95","NZD","1763526596","335271/2025-12-30/1763526596.json"
"2018327","2025908","2025-12-30","81.00","NZD","1763526596","335271/2025-12-30/1763526596.json"
"2018327","2025951","2025-12-30","76.95","NZD","1763526596","335271/2025-12-30/1763526596.json"
"2018317","2025898","2025-12-30","81.00","NZD","1763526596","335271/2025-12-30/1763526596.json"
"2018317","2025944","2025-12-30","76.95","NZD","1763526596","335271/2025-12-30/1763526596.json"
"2018322","2025903","2025-12-30","81.00","NZD","1763526596","335271/2025-12-30/1763526596.json"
"2018322","2025948","2025-12-30","76.95","NZD","1763526596","335271/2025-12-30/1763526596.json"
"2018318","2025899","2025-12-30","86.00","NZD","1763526596","335271/2025-12-30/1763526596.json"
"2018318","2025943","2025-12-30","81.70","NZD","1763526596","335271/2025-12-30/1763526596.json"
"2018319","2025900","2025-12-30","86.00","NZD","1763526596","335271/2025-12-30/1763526596.json"
"2018319","2025945","2025-12-30","81.70","NZD","1763526596","335271/2025-12-30/1763526596.json"
"2018323","2025904","2025-12-29","66.00","NZD","1763526596","335271/2025-12-29/1763526596.json"
"2018323","2025954","2025-12-29","62.70","NZD","1763526596","335271/2025-12-29/1763526596.json"
"2018326","2025907","2025-12-29","71.00","NZD","1763526596","335271/2025-12-29/1763526596.json"
"2018326","2025952","2025-12-29","67.45","NZD","1763526596","335271/2025-12-29/1763526596.json"
"2018325","2025906","2025-12-29","71.00","NZD","1763526596","335271/2025-12-29/1763526596.json"
"2018325","2025953","2025-12-29","67.45","NZD","1763526596","335271/2025-12-29/1763526596.json"
"2018320","2025901","2025-12-29","76.00","NZD","1763526596","335271/2025-12-29/1763526596.json"
"2018320","2025950","2025-12-29","72.20","NZD","1763526596","335271/2025-12-29/1763526596.json"
"2018321","2025902","2025-12-29","81.00","NZD","1763526596","335271/2025-12-29/1763526596.json"
"2018321","2025949","2025-12-29","76.95","NZD","1763526596","335271/2025-12-29/1763526596.json"
"2018327","2025908","2025-12-29","81.00","NZD","1763526596","335271/2025-12-29/1763526596.json"
"2018327","2025951","2025-12-29","76.95","NZD","1763526596","335271/2025-12-29/1763526596.json"
"2018317","2025898","2025-12-29","81.00","NZD","1763526596","335271/2025-12-29/1763526596.json"
"2018317","2025944","2025-12-29","76.95","NZD","1763526596","335271/2025-12-29/1763526596.json"
"2018322","2025903","2025-12-29","81.00","NZD","1763526596","335271/2025-12-29/1763526596.json"
"2018322","2025948","2025-12-29","76.95","NZD","1763526596","335271/2025-12-29/1763526596.json"
"2018318","2025899","2025-12-29","86.00","NZD","1763526596","335271/2025-12-29/1763526596.json"
"2018318","2025943","2025-12-29","81.70","NZD","1763526596","335271/2025-12-29/1763526596.json"
"2018319","2025900","2025-12-29","86.00","NZD","1763526596","335271/2025-12-29/1763526596.json"
"2018319","2025945","2025-12-29","81.70","NZD","1763526596","335271/2025-12-29/1763526596.json"
"2018323","2025904","2026-01-01","66.00","NZD","1763526596","335271/2026-01-01/1763526596.json"
"2018323","2025954","2026-01-01","62.70","NZD","1763526596","335271/2026-01-01/1763526596.json"
"2018326","2025907","2026-01-01","71.00","NZD","1763526596","335271/2026-01-01/1763526596.json"
"2018326","2025952","2026-01-01","67.45","NZD","1763526596","335271/2026-01-01/1763526596.json"
"2018325","2025906","2026-01-01","71.00","NZD","1763526596","335271/2026-01-01/1763526596.json"
"2018325","2025953","2026-01-01","67.45","NZD","1763526596","335271/2026-01-01/1763526596.json"
"2018320","2025901","2026-01-01","76.00","NZD","1763526596","335271/2026-01-01/1763526596.json"
"2018320","2025950","2026-01-01","72.20","NZD","1763526596","335271/2026-01-01/1763526596.json"
"2018327","2025908","2026-01-01","81.00","NZD","1763526596","335271/2026-01-01/1763526596.json"
"2018327","2025951","2026-01-01","76.95","NZD","1763526596","335271/2026-01-01/1763526596.json"
"2018317","2025898","2026-01-01","81.00","NZD","1763526596","335271/2026-01-01/1763526596.json"
"2018317","2025944","2026-01-01","76.95","NZD","1763526596","335271/2026-01-01/1763526596.json"
"2018322","2025903","2026-01-01","81.00","NZD","1763526596","335271/2026-01-01/1763526596.json"
"2018322","2025948","2026-01-01","76.95","NZD","1763526596","335271/2026-01-01/1763526596.json"
"2018321","2025902","2026-01-01","81.00","NZD","1763526596","335271/2026-01-01/1763526596.json"
"2018321","2025949","2026-01-01","76.95","NZD","1763526596","335271/2026-01-01/1763526596.json"
"2018318","2025899","2026-01-01","86.00","NZD","1763526596","335271/2026-01-01/1763526596.json"
"2018318","2025943","2026-01-01","81.70","NZD","1763526596","335271/2026-01-01/1763526596.json"
"2018319","2025900","2026-01-01","86.00","NZD","1763526596","335271/2026-01-01/1763526596.json"
"2018319","2025945","2026-01-01","81.70","NZD","1763526596","335271/2026-01-01/1763526596.json"
"2018323","2025904","2026-01-02","66.00","NZD","1763526596","335271/2026-01-02/1763526596.json"
"2018323","2025954","2026-01-02","62.70","NZD","1763526596","335271/2026-01-02/1763526596.json"
"2018326","2025907","2026-01-02","71.00","NZD","1763526596","335271/2026-01-02/1763526596.json"
"2018326","2025952","2026-01-02","67.45","NZD","1763526596","335271/2026-01-02/1763526596.json"
"2018325","2025906","2026-01-02","71.00","NZD","1763526596","335271/2026-01-02/1763526596.json"
"2018325","2025953","2026-01-02","67.45","NZD","1763526596","335271/2026-01-02/1763526596.json"
"2018320","2025901","2026-01-02","76.00","NZD","1763526596","335271/2026-01-02/1763526596.json"
"2018320","2025950","2026-01-02","72.20","NZD","1763526596","335271/2026-01-02/1763526596.json"
"2018327","2025908","2026-01-02","81.00","NZD","1763526596","335271/2026-01-02/1763526596.json"
"2018327","2025951","2026-01-02","76.95","NZD","1763526596","335271/2026-01-02/1763526596.json"
"2018317","2025898","2026-01-02","81.00","NZD","1763526596","335271/2026-01-02/1763526596.json"
"2018317","2025944","2026-01-02","76.95","NZD","1763526596","335271/2026-01-02/1763526596.json"
"2018322","2025903","2026-01-02","81.00","NZD","1763526596","335271/2026-01-02/1763526596.json"
"2018322","2025948","2026-01-02","76.95","NZD","1763526596","335271/2026-01-02/1763526596.json"
"2018321","2025902","2026-01-02","81.00","NZD","1763526596","335271/2026-01-02/1763526596.json"
"2018321","2025949","2026-01-02","76.95","NZD","1763526596","335271/2026-01-02/1763526596.json"
"2018318","2025899","2026-01-02","86.00","NZD","1763526596","335271/2026-01-02/1763526596.json"
"2018318","2025943","2026-01-02","81.70","NZD","1763526596","335271/2026-01-02/1763526596.json"
"2018319","2025900","2026-01-02","86.00","NZD","1763526596","335271/2026-01-02/1763526596.json"
"2018319","2025945","2026-01-02","81.70","NZD","1763526596","335271/2026-01-02/1763526596.json"
"2018323","2025904","2026-01-03","66.00","NZD","1763526596","335271/2026-01-03/1763526596.json"
"2018323","2025954","2026-01-03","62.70","NZD","1763526596","335271/2026-01-03/1763526596.json"
"2018326","2025907","2026-01-03","71.00","NZD","1763526596","335271/2026-01-03/1763526596.json"
"2018326","2025952","2026-01-03","67.45","NZD","1763526596","335271/2026-01-03/1763526596.json"
"2018325","2025906","2026-01-03","71.00","NZD","1763526596","335271/2026-01-03/1763526596.json"
"2018325","2025953","2026-01-03","67.45","NZD","1763526596","335271/2026-01-03/1763526596.json"
"2018320","2025901","2026-01-03","76.00","NZD","1763526596","335271/2026-01-03/1763526596.json"
"2018320","2025950","2026-01-03","72.20","NZD","1763526596","335271/2026-01-03/1763526596.json"
"2018327","2025908","2026-01-03","81.00","NZD","1763526596","335271/2026-01-03/1763526596.json"
"2018327","2025951","2026-01-03","76.95","NZD","1763526596","335271/2026-01-03/1763526596.json"
"2018317","2025898","2026-01-03","81.00","NZD","1763526596","335271/2026-01-03/1763526596.json"
"2018317","2025944","2026-01-03","76.95","NZD","1763526596","335271/2026-01-03/1763526596.json"
"2018322","2025903","2026-01-03","81.00","NZD","1763526596","335271/2026-01-03/1763526596.json"
"2018322","2025948","2026-01-03","76.95","NZD","1763526596","335271/2026-01-03/1763526596.json"
"2018321","2025902","2026-01-03","81.00","NZD","1763526596","335271/2026-01-03/1763526596.json"
"2018321","2025949","2026-01-03","76.95","NZD","1763526596","335271/2026-01-03/1763526596.json"
"2018318","2025899","2026-01-03","86.00","NZD","1763526596","335271/2026-01-03/1763526596.json"
"2018318","2025943","2026-01-03","81.70","NZD","1763526596","335271/2026-01-03/1763526596.json"
"2018319","2025900","2026-01-03","86.00","NZD","1763526596","335271/2026-01-03/1763526596.json"
"2018319","2025945","2026-01-03","81.70","NZD","1763526596","335271/2026-01-03/1763526596.json"
"2018323","2025904","2026-01-04","66.00","NZD","1763526596","335271/2026-01-04/1763526596.json"
"2018323","2025954","2026-01-04","62.70","NZD","1763526596","335271/2026-01-04/1763526596.json"
"2018326","2025907","2026-01-04","71.00","NZD","1763526596","335271/2026-01-04/1763526596.json"
"2018326","2025952","2026-01-04","67.45","NZD","1763526596","335271/2026-01-04/1763526596.json"
"2018325","2025906","2026-01-04","71.00","NZD","1763526596","335271/2026-01-04/1763526596.json"
"2018325","2025953","2026-01-04","67.45","NZD","1763526596","335271/2026-01-04/1763526596.json"
"2018320","2025901","2026-01-04","76.00","NZD","1763526596","335271/2026-01-04/1763526596.json"
"2018320","2025950","2026-01-04","72.20","NZD","1763526596","335271/2026-01-04/1763526596.json"
"2018327","2025908","2026-01-04","81.00","NZD","1763526596","335271/2026-01-04/1763526596.json"
"2018327","2025951","2026-01-04","76.95","NZD","1763526596","335271/2026-01-04/1763526596.json"
"2018317","2025898","2026-01-04","81.00","NZD","1763526596","335271/2026-01-04/1763526596.json"
"2018317","2025944","2026-01-04","76.95","NZD","1763526596","335271/2026-01-04/1763526596.json"
"2018322","2025903","2026-01-04","81.00","NZD","1763526596","335271/2026-01-04/1763526596.json"
"2018322","2025948","2026-01-04","76.95","NZD","1763526596","335271/2026-01-04/1763526596.json"
"2018321","2025902","2026-01-04","81.00","NZD","1763526596","335271/2026-01-04/1763526596.json"
"2018321","2025949","2026-01-04","76.95","NZD","1763526596","335271/2026-01-04/1763526596.json"
"2018318","2025899","2026-01-04","86.00","NZD","1763526596","335271/2026-01-04/1763526596.json"
"2018318","2025943","2026-01-04","81.70","NZD","1763526596","335271/2026-01-04/1763526596.json"
"2018319","2025900","2026-01-04","86.00","NZD","1763526596","335271/2026-01-04/1763526596.json"
"2018319","2025945","2026-01-04","81.70","NZD","1763526596","335271/2026-01-04/1763526596.json"
"2018323","2025904","2026-01-05","66.00","NZD","1763526596","335271/2026-01-05/1763526596.json"
"2018323","2025954","2026-01-05","62.70","NZD","1763526596","335271/2026-01-05/1763526596.json"
"2018326","2025907","2026-01-05","71.00","NZD","1763526596","335271/2026-01-05/1763526596.json"
"2018326","2025952","2026-01-05","67.45","NZD","1763526596","335271/2026-01-05/1763526596.json"
"2018325","2025906","2026-01-05","71.00","NZD","1763526596","335271/2026-01-05/1763526596.json"
"2018325","2025953","2026-01-05","67.45","NZD","1763526596","335271/2026-01-05/1763526596.json"
"2018320","2025901","2026-01-05","76.00","NZD","1763526596","335271/2026-01-05/1763526596.json"
"2018320","2025950","2026-01-05","72.20","NZD","1763526596","335271/2026-01-05/1763526596.json"
"2018327","2025908","2026-01-05","81.00","NZD","1763526596","335271/2026-01-05/1763526596.json"
"2018327","2025951","2026-01-05","76.95","NZD","1763526596","335271/2026-01-05/1763526596.json"
"2018317","2025898","2026-01-05","81.00","NZD","1763526596","335271/2026-01-05/1763526596.json"
"2018317","2025944","2026-01-05","76.95","NZD","1763526596","335271/2026-01-05/1763526596.json"
"2018322","2025903","2026-01-05","81.00","NZD","1763526596","335271/2026-01-05/1763526596.json"
"2018322","2025948","2026-01-05","76.95","NZD","1763526596","335271/2026-01-05/1763526596.json"
"2018321","2025902","2026-01-05","81.00","NZD","1763526596","335271/2026-01-05/1763526596.json"
"2018321","2025949","2026-01-05","76.95","NZD","1763526596","335271/2026-01-05/1763526596.json"
"2018318","2025899","2026-01-05","86.00","NZD","1763526596","335271/2026-01-05/1763526596.json"
"2018318","2025943","2026-01-05","81.70","NZD","1763526596","335271/2026-01-05/1763526596.json"
"2018319","2025900","2026-01-05","86.00","NZD","1763526596","335271/2026-01-05/1763526596.json"
"2018319","2025945","2026-01-05","81.70","NZD","1763526596","335271/2026-01-05/1763526596.json"
"2018323","2025904","2026-01-06","66.00","NZD","1763526596","335271/2026-01-06/1763526596.json"
"2018323","2025954","2026-01-06","62.70","NZD","1763526596","335271/2026-01-06/1763526596.json"
"2018326","2025907","2026-01-06","71.00","NZD","1763526596","335271/2026-01-06/1763526596.json"
"2018326","2025952","2026-01-06","67.45","NZD","1763526596","335271/2026-01-06/1763526596.json"
"2018325","2025906","2026-01-06","71.00","NZD","1763526596","335271/2026-01-06/1763526596.json"
"2018325","2025953","2026-01-06","67.45","NZD","1763526596","335271/2026-01-06/1763526596.json"
"2018320","2025901","2026-01-06","76.00","NZD","1763526596","335271/2026-01-06/1763526596.json"
"2018320","2025950","2026-01-06","72.20","NZD","1763526596","335271/2026-01-06/1763526596.json"
"2018327","2025908","2026-01-06","81.00","NZD","1763526596","335271/2026-01-06/1763526596.json"
"2018327","2025951","2026-01-06","76.95","NZD","1763526596","335271/2026-01-06/1763526596.json"
"2018317","2025898","2026-01-06","81.00","NZD","1763526596","335271/2026-01-06/1763526596.json"
"2018317","2025944","2026-01-06","76.95","NZD","1763526596","335271/2026-01-06/1763526596.json"
"2018322","2025903","2026-01-06","81.00","NZD","1763526596","335271/2026-01-06/1763526596.json"
"2018322","2025948","2026-01-06","76.95","NZD","1763526596","335271/2026-01-06/1763526596.json"
"2018321","2025902","2026-01-06","81.00","NZD","1763526596","335271/2026-01-06/1763526596.json"
"2018321","2025949","2026-01-06","76.95","NZD","1763526596","335271/2026-01-06/1763526596.json"
"2018318","2025899","2026-01-06","86.00","NZD","1763526596","335271/2026-01-06/1763526596.json"
"2018318","2025943","2026-01-06","81.70","NZD","1763526596","335271/2026-01-06/1763526596.json"
"2018319","2025900","2026-01-06","86.00","NZD","1763526596","335271/2026-01-06/1763526596.json"
"2018319","2025945","2026-01-06","81.70","NZD","1763526596","335271/2026-01-06/1763526596.json"
"2018323","2025904","2026-01-07","66.00","NZD","1763526596","335271/2026-01-07/1763526596.json"
"2018323","2025954","2026-01-07","62.70","NZD","1763526596","335271/2026-01-07/1763526596.json"
"2018326","2025907","2026-01-07","71.00","NZD","1763526596","335271/2026-01-07/1763526596.json"
"2018326","2025952","2026-01-07","67.45","NZD","1763526596","335271/2026-01-07/1763526596.json"
"2018325","2025906","2026-01-07","71.00","NZD","1763526596","335271/2026-01-07/1763526596.json"
"2018325","2025953","2026-01-07","67.45","NZD","1763526596","335271/2026-01-07/1763526596.json"
"2018320","2025901","2026-01-07","76.00","NZD","1763526596","335271/2026-01-07/1763526596.json"
"2018320","2025950","2026-01-07","72.20","NZD","1763526596","335271/2026-01-07/1763526596.json"
"2018327","2025908","2026-01-07","81.00","NZD","1763526596","335271/2026-01-07/1763526596.json"
"2018327","2025951","2026-01-07","76.95","NZD","1763526596","335271/2026-01-07/1763526596.json"
"2018317","2025898","2026-01-07","81.00","NZD","1763526596","335271/2026-01-07/1763526596.json"
"2018317","2025944","2026-01-07","76.95","NZD","1763526596","335271/2026-01-07/1763526596.json"
"2018322","2025903","2026-01-07","81.00","NZD","1763526596","335271/2026-01-07/1763526596.json"
"2018322","2025948","2026-01-07","76.95","NZD","1763526596","335271/2026-01-07/1763526596.json"
"2018321","2025902","2026-01-07","81.00","NZD","1763526596","335271/2026-01-07/1763526596.json"
"2018321","2025949","2026-01-07","76.95","NZD","1763526596","335271/2026-01-07/1763526596.json"
"2018318","2025899","2026-01-07","86.00","NZD","1763526596","335271/2026-01-07/1763526596.json"
"2018318","2025943","2026-01-07","81.70","NZD","1763526596","335271/2026-01-07/1763526596.json"
"2018319","2025900","2026-01-07","86.00","NZD","1763526596","335271/2026-01-07/1763526596.json"
"2018319","2025945","2026-01-07","81.70","NZD","1763526596","335271/2026-01-07/1763526596.json"
"2018323","2025904","2026-01-08","66.00","NZD","1763526596","335271/2026-01-08/1763526596.json"
"2018323","2025954","2026-01-08","62.70","NZD","1763526596","335271/2026-01-08/1763526596.json"
"2018326","2025907","2026-01-08","71.00","NZD","1763526596","335271/2026-01-08/1763526596.json"
"2018326","2025952","2026-01-08","67.45","NZD","1763526596","335271/2026-01-08/1763526596.json"
"2018325","2025906","2026-01-08","71.00","NZD","1763526596","335271/2026-01-08/1763526596.json"
"2018325","2025953","2026-01-08","67.45","NZD","1763526596","335271/2026-01-08/1763526596.json"
"2018320","2025901","2026-01-08","76.00","NZD","1763526596","335271/2026-01-08/1763526596.json"
"2018320","2025950","2026-01-08","72.20","NZD","1763526596","335271/2026-01-08/1763526596.json"
"2018327","2025908","2026-01-08","81.00","NZD","1763526596","335271/2026-01-08/1763526596.json"
"2018327","2025951","2026-01-08","76.95","NZD","1763526596","335271/2026-01-08/1763526596.json"
"2018317","2025898","2026-01-08","81.00","NZD","1763526596","335271/2026-01-08/1763526596.json"
"2018317","2025944","2026-01-08","76.95","NZD","1763526596","335271/2026-01-08/1763526596.json"
"2018322","2025903","2026-01-08","81.00","NZD","1763526596","335271/2026-01-08/1763526596.json"
"2018322","2025948","2026-01-08","76.95","NZD","1763526596","335271/2026-01-08/1763526596.json"
"2018321","2025902","2026-01-08","81.00","NZD","1763526596","335271/2026-01-08/1763526596.json"
"2018321","2025949","2026-01-08","76.95","NZD","1763526596","335271/2026-01-08/1763526596.json"
"2018318","2025899","2026-01-08","86.00","NZD","1763526596","335271/2026-01-08/1763526596.json"
"2018318","2025943","2026-01-08","81.70","NZD","1763526596","335271/2026-01-08/1763526596.json"
"2018319","2025900","2026-01-08","86.00","NZD","1763526596","335271/2026-01-08/1763526596.json"
"2018319","2025945","2026-01-08","81.70","NZD","1763526596","335271/2026-01-08/1763526596.json"
"2018323","2025904","2026-01-09","66.00","NZD","1763526596","335271/2026-01-09/1763526596.json"
"2018323","2025954","2026-01-09","62.70","NZD","1763526596","335271/2026-01-09/1763526596.json"
"2018326","2025907","2026-01-09","71.00","NZD","1763526596","335271/2026-01-09/1763526596.json"
"2018326","2025952","2026-01-09","67.45","NZD","1763526596","335271/2026-01-09/1763526596.json"
"2018325","2025906","2026-01-09","71.00","NZD","1763526596","335271/2026-01-09/1763526596.json"
"2018325","2025953","2026-01-09","67.45","NZD","1763526596","335271/2026-01-09/1763526596.json"
"2018320","2025901","2026-01-09","76.00","NZD","1763526596","335271/2026-01-09/1763526596.json"
"2018320","2025950","2026-01-09","72.20","NZD","1763526596","335271/2026-01-09/1763526596.json"
"2018327","2025908","2026-01-09","81.00","NZD","1763526596","335271/2026-01-09/1763526596.json"
"2018327","2025951","2026-01-09","76.95","NZD","1763526596","335271/2026-01-09/1763526596.json"
"2018317","2025898","2026-01-09","81.00","NZD","1763526596","335271/2026-01-09/1763526596.json"
"2018317","2025944","2026-01-09","76.95","NZD","1763526596","335271/2026-01-09/1763526596.json"
"2018322","2025903","2026-01-09","81.00","NZD","1763526596","335271/2026-01-09/1763526596.json"
"2018322","2025948","2026-01-09","76.95","NZD","1763526596","335271/2026-01-09/1763526596.json"
"2018321","2025902","2026-01-09","81.00","NZD","1763526596","335271/2026-01-09/1763526596.json"
"2018321","2025949","2026-01-09","76.95","NZD","1763526596","335271/2026-01-09/1763526596.json"
"2018318","2025899","2026-01-09","86.00","NZD","1763526596","335271/2026-01-09/1763526596.json"
"2018318","2025943","2026-01-09","81.70","NZD","1763526596","335271/2026-01-09/1763526596.json"
"2018319","2025900","2026-01-09","86.00","NZD","1763526596","335271/2026-01-09/1763526596.json"
"2018319","2025945","2026-01-09","81.70","NZD","1763526596","335271/2026-01-09/1763526596.json"
"2018323","2025904","2026-01-10","66.00","NZD","1763526596","335271/2026-01-10/1763526596.json"
"2018323","2025954","2026-01-10","62.70","NZD","1763526596","335271/2026-01-10/1763526596.json"
"2018326","2025907","2026-01-10","71.00","NZD","1763526596","335271/2026-01-10/1763526596.json"
"2018326","2025952","2026-01-10","67.45","NZD","1763526596","335271/2026-01-10/1763526596.json"
"2018325","2025906","2026-01-10","71.00","NZD","1763526596","335271/2026-01-10/1763526596.json"
"2018325","2025953","2026-01-10","67.45","NZD","1763526596","335271/2026-01-10/1763526596.json"
"2018320","2025901","2026-01-10","76.00","NZD","1763526596","335271/2026-01-10/1763526596.json"
"2018320","2025950","2026-01-10","72.20","NZD","1763526596","335271/2026-01-10/1763526596.json"
"2018327","2025908","2026-01-10","81.00","NZD","1763526596","335271/2026-01-10/1763526596.json"
"2018327","2025951","2026-01-10","76.95","NZD","1763526596","335271/2026-01-10/1763526596.json"
"2018317","2025898","2026-01-10","81.00","NZD","1763526596","335271/2026-01-10/1763526596.json"
"2018317","2025944","2026-01-10","76.95","NZD","1763526596","335271/2026-01-10/1763526596.json"
"2018322","2025903","2026-01-10","81.00","NZD","1763526596","335271/2026-01-10/1763526596.json"
"2018322","2025948","2026-01-10","76.95","NZD","1763526596","335271/2026-01-10/1763526596.json"
"2018321","2025902","2026-01-10","81.00","NZD","1763526596","335271/2026-01-10/1763526596.json"
"2018321","2025949","2026-01-10","76.95","NZD","1763526596","335271/2026-01-10/1763526596.json"
"2018318","2025899","2026-01-10","86.00","NZD","1763526596","335271/2026-01-10/1763526596.json"
"2018318","2025943","2026-01-10","81.70","NZD","1763526596","335271/2026-01-10/1763526596.json"
"2018319","2025900","2026-01-10","86.00","NZD","1763526596","335271/2026-01-10/1763526596.json"
"2018319","2025945","2026-01-10","81.70","NZD","1763526596","335271/2026-01-10/1763526596.json"
"2018323","2025904","2026-01-11","66.00","NZD","1763526596","335271/2026-01-11/1763526596.json"
"2018323","2025954","2026-01-11","62.70","NZD","1763526596","335271/2026-01-11/1763526596.json"
"2018326","2025907","2026-01-11","71.00","NZD","1763526596","335271/2026-01-11/1763526596.json"
"2018326","2025952","2026-01-11","67.45","NZD","1763526596","335271/2026-01-11/1763526596.json"
"2018325","2025906","2026-01-11","71.00","NZD","1763526596","335271/2026-01-11/1763526596.json"
"2018325","2025953","2026-01-11","67.45","NZD","1763526596","335271/2026-01-11/1763526596.json"
"2018320","2025901","2026-01-11","76.00","NZD","1763526596","335271/2026-01-11/1763526596.json"
"2018320","2025950","2026-01-11","72.20","NZD","1763526596","335271/2026-01-11/1763526596.json"
"2018327","2025908","2026-01-11","81.00","NZD","1763526596","335271/2026-01-11/1763526596.json"
"2018327","2025951","2026-01-11","76.95","NZD","1763526596","335271/2026-01-11/1763526596.json"
"2018317","2025898","2026-01-11","81.00","NZD","1763526596","335271/2026-01-11/1763526596.json"
"2018317","2025944","2026-01-11","76.95","NZD","1763526596","335271/2026-01-11/1763526596.json"
"2018322","2025903","2026-01-11","81.00","NZD","1763526596","335271/2026-01-11/1763526596.json"
"2018322","2025948","2026-01-11","76.95","NZD","1763526596","335271/2026-01-11/1763526596.json"
"2018321","2025902","2026-01-11","81.00","NZD","1763526596","335271/2026-01-11/1763526596.json"
"2018321","2025949","2026-01-11","76.95","NZD","1763526596","335271/2026-01-11/1763526596.json"
"2018318","2025899","2026-01-11","86.00","NZD","1763526596","335271/2026-01-11/1763526596.json"
"2018318","2025943","2026-01-11","81.70","NZD","1763526596","335271/2026-01-11/1763526596.json"
"2018319","2025900","2026-01-11","86.00","NZD","1763526596","335271/2026-01-11/1763526596.json"
"2018319","2025945","2026-01-11","81.70","NZD","1763526596","335271/2026-01-11/1763526596.json"
"2018323","2025904","2026-01-12","66.00","NZD","1763526596","335271/2026-01-12/1763526596.json"
"2018323","2025954","2026-01-12","62.70","NZD","1763526596","335271/2026-01-12/1763526596.json"
"2018326","2025907","2026-01-12","71.00","NZD","1763526596","335271/2026-01-12/1763526596.json"
"2018326","2025952","2026-01-12","67.45","NZD","1763526596","335271/2026-01-12/1763526596.json"
"2018325","2025906","2026-01-12","71.00","NZD","1763526596","335271/2026-01-12/1763526596.json"
"2018325","2025953","2026-01-12","67.45","NZD","1763526596","335271/2026-01-12/1763526596.json"
"2018320","2025901","2026-01-12","76.00","NZD","1763526596","335271/2026-01-12/1763526596.json"
"2018320","2025950","2026-01-12","72.20","NZD","1763526596","335271/2026-01-12/1763526596.json"
"2018327","2025908","2026-01-12","81.00","NZD","1763526596","335271/2026-01-12/1763526596.json"
"2018327","2025951","2026-01-12","76.95","NZD","1763526596","335271/2026-01-12/1763526596.json"
"2018317","2025898","2026-01-12","81.00","NZD","1763526596","335271/2026-01-12/1763526596.json"
"2018317","2025944","2026-01-12","76.95","NZD","1763526596","335271/2026-01-12/1763526596.json"
"2018322","2025903","2026-01-12","81.00","NZD","1763526596","335271/2026-01-12/1763526596.json"
"2018322","2025948","2026-01-12","76.95","NZD","1763526596","335271/2026-01-12/1763526596.json"
"2018321","2025902","2026-01-12","81.00","NZD","1763526596","335271/2026-01-12/1763526596.json"
"2018321","2025949","2026-01-12","76.95","NZD","1763526596","335271/2026-01-12/1763526596.json"
"2018318","2025899","2026-01-12","86.00","NZD","1763526596","335271/2026-01-12/1763526596.json"
"2018318","2025943","2026-01-12","81.70","NZD","1763526596","335271/2026-01-12/1763526596.json"
"2018319","2025900","2026-01-12","86.00","NZD","1763526596","335271/2026-01-12/1763526596.json"
"2018319","2025945","2026-01-12","81.70","NZD","1763526596","335271/2026-01-12/1763526596.json"
"2018323","2025904","2026-01-14","66.00","NZD","1763526596","335271/2026-01-14/1763526596.json"
"2018323","2025954","2026-01-14","62.70","NZD","1763526596","335271/2026-01-14/1763526596.json"
"2018326","2025907","2026-01-14","71.00","NZD","1763526596","335271/2026-01-14/1763526596.json"
"2018326","2025952","2026-01-14","67.45","NZD","1763526596","335271/2026-01-14/1763526596.json"
"2018325","2025906","2026-01-14","71.00","NZD","1763526596","335271/2026-01-14/1763526596.json"
"2018325","2025953","2026-01-14","67.45","NZD","1763526596","335271/2026-01-14/1763526596.json"
"2018320","2025901","2026-01-14","76.00","NZD","1763526596","335271/2026-01-14/1763526596.json"
"2018320","2025950","2026-01-14","72.20","NZD","1763526596","335271/2026-01-14/1763526596.json"
"2018327","2025908","2026-01-14","81.00","NZD","1763526596","335271/2026-01-14/1763526596.json"
"2018327","2025951","2026-01-14","76.95","NZD","1763526596","335271/2026-01-14/1763526596.json"
"2018317","2025898","2026-01-14","81.00","NZD","1763526596","335271/2026-01-14/1763526596.json"
"2018317","2025944","2026-01-14","76.95","NZD","1763526596","335271/2026-01-14/1763526596.json"
"2018322","2025903","2026-01-14","81.00","NZD","1763526596","335271/2026-01-14/1763526596.json"
"2018322","2025948","2026-01-14","76.95","NZD","1763526596","335271/2026-01-14/1763526596.json"
"2018321","2025902","2026-01-14","81.00","NZD","1763526596","335271/2026-01-14/1763526596.json"
"2018321","2025949","2026-01-14","76.95","NZD","1763526596","335271/2026-01-14/1763526596.json"
"2018318","2025899","2026-01-14","86.00","NZD","1763526596","335271/2026-01-14/1763526596.json"
"2018318","2025943","2026-01-14","81.70","NZD","1763526596","335271/2026-01-14/1763526596.json"
"2018319","2025900","2026-01-14","86.00","NZD","1763526596","335271/2026-01-14/1763526596.json"
"2018319","2025945","2026-01-14","81.70","NZD","1763526596","335271/2026-01-14/1763526596.json"
"2018323","2025904","2026-01-13","66.00","NZD","1763526596","335271/2026-01-13/1763526596.json"
"2018323","2025904","2026-01-16","99.00","NZD","1763526596","335271/2026-01-16/1763526596.json"
"2018323","2025954","2026-01-13","62.70","NZD","1763526596","335271/2026-01-13/1763526596.json"
"2018323","2025954","2026-01-16","94.05","NZD","1763526596","335271/2026-01-16/1763526596.json"
"2018326","2025907","2026-01-16","104.00","NZD","1763526596","335271/2026-01-16/1763526596.json"
"2018326","2025907","2026-01-13","71.00","NZD","1763526596","335271/2026-01-13/1763526596.json"
"2018326","2025952","2026-01-13","67.45","NZD","1763526596","335271/2026-01-13/1763526596.json"
"2018326","2025952","2026-01-16","98.80","NZD","1763526596","335271/2026-01-16/1763526596.json"
"2018325","2025906","2026-01-13","71.00","NZD","1763526596","335271/2026-01-13/1763526596.json"
"2018325","2025906","2026-01-16","104.00","NZD","1763526596","335271/2026-01-16/1763526596.json"
"2018325","2025953","2026-01-13","67.45","NZD","1763526596","335271/2026-01-13/1763526596.json"
"2018325","2025953","2026-01-16","98.80","NZD","1763526596","335271/2026-01-16/1763526596.json"
"2018320","2025901","2026-01-16","109.00","NZD","1763526596","335271/2026-01-16/1763526596.json"
"2018320","2025901","2026-01-13","76.00","NZD","1763526596","335271/2026-01-13/1763526596.json"
"2018320","2025950","2026-01-16","103.55","NZD","1763526596","335271/2026-01-16/1763526596.json"
"2018320","2025950","2026-01-13","72.20","NZD","1763526596","335271/2026-01-13/1763526596.json"
"2018327","2025908","2026-01-16","114.00","NZD","1763526596","335271/2026-01-16/1763526596.json"
"2018327","2025951","2026-01-16","108.30","NZD","1763526596","335271/2026-01-16/1763526596.json"
"2018327","2025908","2026-01-13","81.00","NZD","1763526596","335271/2026-01-13/1763526596.json"
"2018317","2025898","2026-01-16","114.00","NZD","1763526596","335271/2026-01-16/1763526596.json"
"2018327","2025951","2026-01-13","76.95","NZD","1763526596","335271/2026-01-13/1763526596.json"
"2018317","2025944","2026-01-16","108.30","NZD","1763526596","335271/2026-01-16/1763526596.json"
"2018317","2025898","2026-01-13","81.00","NZD","1763526596","335271/2026-01-13/1763526596.json"
"2018317","2025944","2026-01-13","76.95","NZD","1763526596","335271/2026-01-13/1763526596.json"
"2018322","2025903","2026-01-16","114.00","NZD","1763526596","335271/2026-01-16/1763526596.json"
"2018322","2025948","2026-01-16","108.30","NZD","1763526596","335271/2026-01-16/1763526596.json"
"2018322","2025903","2026-01-13","81.00","NZD","1763526596","335271/2026-01-13/1763526596.json"
"2018322","2025948","2026-01-13","76.95","NZD","1763526596","335271/2026-01-13/1763526596.json"
"2018321","2025902","2026-01-16","114.00","NZD","1763526596","335271/2026-01-16/1763526596.json"
"2018321","2025949","2026-01-16","108.30","NZD","1763526596","335271/2026-01-16/1763526596.json"
"2018321","2025902","2026-01-13","81.00","NZD","1763526596","335271/2026-01-13/1763526596.json"
"2018321","2025949","2026-01-13","76.95","NZD","1763526596","335271/2026-01-13/1763526596.json"
"2018318","2025899","2026-01-16","119.00","NZD","1763526596","335271/2026-01-16/1763526596.json"
"2018318","2025943","2026-01-16","113.05","NZD","1763526596","335271/2026-01-16/1763526596.json"
"2018318","2025899","2026-01-13","86.00","NZD","1763526596","335271/2026-01-13/1763526596.json"
"2018318","2025943","2026-01-13","81.70","NZD","1763526596","335271/2026-01-13/1763526596.json"
"2018319","2025900","2026-01-16","119.00","NZD","1763526596","335271/2026-01-16/1763526596.json"
"2018319","2025945","2026-01-16","113.05","NZD","1763526596","335271/2026-01-16/1763526596.json"
"2018319","2025900","2026-01-13","86.00","NZD","1763526596","335271/2026-01-13/1763526596.json"
"2018319","2025945","2026-01-13","81.70","NZD","1763526596","335271/2026-01-13/1763526596.json"
"2018323","2025904","2026-01-15","66.00","NZD","1763526596","335271/2026-01-15/1763526596.json"
"2018323","2025954","2026-01-15","62.70","NZD","1763526596","335271/2026-01-15/1763526596.json"
"2018326","2025907","2026-01-15","71.00","NZD","1763526596","335271/2026-01-15/1763526596.json"
"2018326","2025952","2026-01-15","67.45","NZD","1763526596","335271/2026-01-15/1763526596.json"
"2018325","2025906","2026-01-15","71.00","NZD","1763526596","335271/2026-01-15/1763526596.json"
"2018325","2025953","2026-01-15","67.45","NZD","1763526596","335271/2026-01-15/1763526596.json"
"2018320","2025901","2026-01-15","76.00","NZD","1763526596","335271/2026-01-15/1763526596.json"
"2018320","2025950","2026-01-15","72.20","NZD","1763526596","335271/2026-01-15/1763526596.json"
"2018327","2025908","2026-01-15","81.00","NZD","1763526596","335271/2026-01-15/1763526596.json"
"2018327","2025951","2026-01-15","76.95","NZD","1763526596","335271/2026-01-15/1763526596.json"
"2018317","2025898","2026-01-15","81.00","NZD","1763526596","335271/2026-01-15/1763526596.json"
"2018317","2025944","2026-01-15","76.95","NZD","1763526596","335271/2026-01-15/1763526596.json"
"2018322","2025903","2026-01-15","81.00","NZD","1763526596","335271/2026-01-15/1763526596.json"
"2018322","2025948","2026-01-15","76.95","NZD","1763526596","335271/2026-01-15/1763526596.json"
"2018321","2025902","2026-01-15","81.00","NZD","1763526596","335271/2026-01-15/1763526596.json"
"2018321","2025949","2026-01-15","76.95","NZD","1763526596","335271/2026-01-15/1763526596.json"
"2018318","2025899","2026-01-15","86.00","NZD","1763526596","335271/2026-01-15/1763526596.json"
"2018318","2025943","2026-01-15","81.70","NZD","1763526596","335271/2026-01-15/1763526596.json"
"2018319","2025900","2026-01-15","86.00","NZD","1763526596","335271/2026-01-15/1763526596.json"
"2018319","2025945","2026-01-15","81.70","NZD","1763526596","335271/2026-01-15/1763526596.json"
"2018323","2025904","2026-01-17","99.00","NZD","1763526596","335271/2026-01-17/1763526596.json"
"2018323","2025954","2026-01-17","94.05","NZD","1763526596","335271/2026-01-17/1763526596.json"
"2018326","2025907","2026-01-17","104.00","NZD","1763526596","335271/2026-01-17/1763526596.json"
"2018326","2025952","2026-01-17","98.80","NZD","1763526596","335271/2026-01-17/1763526596.json"
"2018325","2025906","2026-01-17","104.00","NZD","1763526596","335271/2026-01-17/1763526596.json"
"2018325","2025953","2026-01-17","98.80","NZD","1763526596","335271/2026-01-17/1763526596.json"
"2018320","2025901","2026-01-17","109.00","NZD","1763526596","335271/2026-01-17/1763526596.json"
"2018320","2025950","2026-01-17","103.55","NZD","1763526596","335271/2026-01-17/1763526596.json"
"2018327","2025908","2026-01-17","114.00","NZD","1763526596","335271/2026-01-17/1763526596.json"
"2018327","2025951","2026-01-17","108.30","NZD","1763526596","335271/2026-01-17/1763526596.json"
"2018317","2025898","2026-01-17","114.00","NZD","1763526596","335271/2026-01-17/1763526596.json"
"2018317","2025944","2026-01-17","108.30","NZD","1763526596","335271/2026-01-17/1763526596.json"
"2018322","2025903","2026-01-17","114.00","NZD","1763526596","335271/2026-01-17/1763526596.json"
"2018322","2025948","2026-01-17","108.30","NZD","1763526596","335271/2026-01-17/1763526596.json"
"2018321","2025902","2026-01-17","114.00","NZD","1763526596","335271/2026-01-17/1763526596.json"
"2018321","2025949","2026-01-17","108.30","NZD","1763526596","335271/2026-01-17/1763526596.json"
"2018318","2025899","2026-01-17","119.00","NZD","1763526596","335271/2026-01-17/1763526596.json"
"2018318","2025943","2026-01-17","113.05","NZD","1763526596","335271/2026-01-17/1763526596.json"
"2018319","2025900","2026-01-17","119.00","NZD","1763526596","335271/2026-01-17/1763526596.json"
"2018319","2025945","2026-01-17","113.05","NZD","1763526596","335271/2026-01-17/1763526596.json"
"2018323","2025904","2026-01-18","66.00","NZD","1763526596","335271/2026-01-18/1763526596.json"
"2018323","2025954","2026-01-18","62.70","NZD","1763526596","335271/2026-01-18/1763526596.json"
"2018326","2025907","2026-01-18","71.00","NZD","1763526596","335271/2026-01-18/1763526596.json"
"2018326","2025952","2026-01-18","67.45","NZD","1763526596","335271/2026-01-18/1763526596.json"
"2018325","2025906","2026-01-18","71.00","NZD","1763526596","335271/2026-01-18/1763526596.json"
"2018325","2025953","2026-01-18","67.45","NZD","1763526596","335271/2026-01-18/1763526596.json"
"2018320","2025901","2026-01-18","76.00","NZD","1763526596","335271/2026-01-18/1763526596.json"
"2018320","2025950","2026-01-18","72.20","NZD","1763526596","335271/2026-01-18/1763526596.json"
"2018327","2025908","2026-01-18","81.00","NZD","1763526596","335271/2026-01-18/1763526596.json"
"2018327","2025951","2026-01-18","76.95","NZD","1763526596","335271/2026-01-18/1763526596.json"
"2018317","2025898","2026-01-18","81.00","NZD","1763526596","335271/2026-01-18/1763526596.json"
"2018317","2025944","2026-01-18","76.95","NZD","1763526596","335271/2026-01-18/1763526596.json"
"2018322","2025903","2026-01-18","81.00","NZD","1763526596","335271/2026-01-18/1763526596.json"
"2018322","2025948","2026-01-18","76.95","NZD","1763526596","335271/2026-01-18/1763526596.json"
"2018321","2025902","2026-01-18","81.00","NZD","1763526596","335271/2026-01-18/1763526596.json"
"2018321","2025949","2026-01-18","76.95","NZD","1763526596","335271/2026-01-18/1763526596.json"
"2018318","2025899","2026-01-18","86.00","NZD","1763526596","335271/2026-01-18/1763526596.json"
"2018318","2025943","2026-01-18","81.70","NZD","1763526596","335271/2026-01-18/1763526596.json"
"2018319","2025900","2026-01-18","86.00","NZD","1763526596","335271/2026-01-18/1763526596.json"
"2018319","2025945","2026-01-18","81.70","NZD","1763526596","335271/2026-01-18/1763526596.json"
